FSC-A,SSC-A,Zombie-Violet-A,Alexa Fluor 647-A
91778,59188,882,207
89363,43998,896,194
56611,32001,1705,70
108471,28645,1598,172
128307,36269,547,6935
82542,39450,244,385
136063,57801,206,2608
119448,35023,7777,135
137351,19062,1402,94
93077,47414,896,236
90279,92243,5214,312
117162,24103,12115,253
119756,75221,364,86
124744,50990,335,2707
75320,28355,33529,228
92459,24163,13111,2426
150135,73054,519,1318
95845,78423,646,7718
95006,52055,554,125
133939,53448,7131,2719
84883,24397,1936,91
98299,16928,840,2150
151594,74093,646,259
109202,29636,2859,56
121101,54489,709,10151
97780,58904,518,4742
103151,79335,197,75
124865,82871,358,274
84712,30099,152,102
199465,43368,313,64
96992,32676,475,147
143199,31527,5307,107
101603,47050,439,3039
77999,33280,24879,3737
139281,34200,655,189
123067,74078,489,11697
77282,55467,1908,2992
113552,61299,12356,13857
85088,34324,17529,124
73221,24450,63735,7848
107039,46122,449,390
78951,24812,303,6569
115193,22169,11657,101
117449,35534,996,210
105599,36068,1222,435
129807,87041,1722,3479
64873,22299,598,268
91983,51665,183,3309
107863,38699,4217,908
134395,22449,367,5808
131834,29125,8347,272
129824,47345,441,141
111664,26762,249,4203
62741,45702,839,75
113593,27236,739,389
116336,54665,634,7782
74745,35392,489,86
73919,38636,463,5205
93043,25326,690,84
71282,42283,6418,4524
92568,34176,514,79
125105,29085,858,238
96535,23807,26628,197
121344,22183,1550,88
61910,46461,905,162
91963,25061,1112,4079
99291,42410,738,10208
151116,36773,342,2616
101949,26950,5330,106
106584,38717,538,221
38220,64220,1810,296
56371,53379,1214,3843
87489,48915,319,136
69509,44186,475,37
186069,33841,22474,6746
105249,30032,121,32
119086,49522,27539,3541
86955,50564,80,17654
108685,55255,63645,147
85497,39940,20436,5945
98407,101584,433,2309
87581,35910,1396,8509
121937,21024,477,56
80368,27065,1217,3053
102546,36824,19259,123
77075,39313,95,84
97625,55360,22464,274
80197,94504,41207,97
96274,29044,12487,501
132438,125744,327,4026
106741,56767,717,3577
127024,36684,149,269
94380,27472,1426,225
78377,42764,18756,289
108362,30043,210,650
161824,23581,374,118
67188,28188,502,6896
71545,30930,31691,187
102212,58269,257,4039
76578,62739,847,196
108932,26453,963,102
104750,33834,35348,521
94990,74797,972,1099
89916,29589,10962,160
163031,56733,970,78
39178,21009,5038,141
123989,52801,501,4522
108137,25744,2200,118
98715,23828,762,9456
93512,35719,130,215
129623,47312,1306,115
76410,41099,1008,9020
110036,56701,1846,119
90482,40315,25798,2985
89850,13381,787,305
183277,78135,949,37
103934,59469,1729,139
148990,27417,725,1894
120874,18973,1218,131
130367,41072,112,58
128625,39702,865,52
92511,42833,345,8768
113728,39756,1131,165
87666,44602,78846,44
166788,34696,1942,243
171424,58786,1868,27
164264,44081,291,1871
143661,29195,6315,45
118478,49937,633,191
171562,52345,763,7668
106232,52986,543,156
99836,33905,765,44
91414,53096,230,1546
71861,61978,256,331
78303,38344,22782,4379
132861,53925,2597,104
113244,40123,989,8639
101547,52778,981,2020
113590,39616,467,2611
86242,33144,362,168
94128,39431,664,4390
97468,54618,447,101
98837,41699,2347,1065
98254,45609,983,150
136538,32120,1086,163
94429,26909,306,2828
78369,60897,700,117
247178,33989,453,2696
100244,66126,292,2897
104995,33120,182,4702
104336,21578,1956,2579
121855,59985,5432,50
93929,95403,2155,228
95851,27523,944,10868
134070,30246,2203,2148
150113,40606,1912,217
97570,28204,270,6946
108690,64567,12755,280
83515,54003,1771,171
123946,52229,1546,13459
77145,21591,410,259
138098,51061,546,10332
101942,29019,31257,280
93471,40556,31558,219
127811,34438,670,2393
118665,71529,556,1477
88483,95865,395,2413
163661,13287,1202,5073
126322,26904,1426,148
103305,43728,311,3215
136938,35494,1004,142
90939,74086,247,251
81447,54965,823,310
122702,32118,4279,338
81666,26299,962,271
145986,36021,140,8809
128924,25547,896,78
117721,15877,1787,27
78083,29225,418,203
85314,43345,496,161
98307,44334,3639,79
94845,59995,730,233
64661,26405,844,4031
83736,25849,32880,3543
110148,31127,702,173
132979,22877,599,177
45506,60573,12408,160
109049,63175,14122,338
85071,42718,332,460
80656,26442,1216,61
101581,24720,24702,4070
114366,67375,517,1531
131429,18825,1341,942
94441,41983,760,395
103394,72068,48272,86
73037,18176,1492,226
117827,107042,380,133
86917,25185,545,177
112469,19351,375,50
56447,30975,437,5387
104560,70356,1184,1689
56714,30801,16655,5288
82683,54340,9231,177
102760,29263,2405,237
143299,31655,2062,251
101164,47041,15816,338
93149,24442,1719,194
155245,40902,14743,8368
136341,20908,583,107
32918,28020,484,61
126771,18660,627,159
85615,15241,152,295
102695,40414,23507,350
83974,44950,16345,330
76914,65685,1772,114
107462,147304,717,190
102772,46183,515,9155
113867,69856,364,245
138534,47033,485,103
104060,31998,12852,2963
108043,35066,853,96
88312,37661,17911,50
158650,25945,730,6273
71674,36554,527,432
144268,45939,976,96
102391,40067,4939,5591
190958,47980,446,253
116262,35862,3372,106
77115,24319,17916,3704
105456,49366,1525,99
99403,70328,408,80
130106,34623,1407,201
142721,36215,1103,4242
115542,43117,20983,4709
90721,35439,663,121
152589,57992,557,5591
108747,59022,7486,4157
106208,33263,674,402
135431,34472,13991,1660
137373,16746,1181,277
84959,40093,523,5935
94081,19794,625,45
109348,63606,1623,4046
131742,39607,283,153
110125,42768,1248,131
127603,35275,1673,118
91336,38946,929,3674
116663,25277,2420,4557
93350,36240,734,231
85942,80758,259,3658
75614,41943,471,212
144664,49740,244,249
93467,59895,203,2776
123375,47079,288,5102
62349,26780,9495,3083
140908,38467,1727,57
103761,39872,18146,229
108055,48977,1444,197
109995,56140,231,142
107372,22170,1386,3202
95776,23359,529,5440
82681,27419,5869,89
70957,23069,709,106
94710,32171,790,22
110244,23724,364,112
109621,42755,318,271
114354,39680,213,1916
105269,26039,323,51
89259,65388,2659,3379
101734,37351,18433,13320
112659,43958,347,43
102726,43509,5223,5826
141423,39781,540,2806
99424,11904,3397,187
104012,43771,615,5743
164173,40620,555,82
156119,60984,492,36
84600,65155,1759,74
90307,30481,931,7384
127478,29966,9883,274
75424,33414,1429,333
67471,28738,852,1370
104207,30292,69201,1685
149405,14247,1852,2223
97439,46962,181,712
124256,36260,984,57
98311,34038,253,1916
124976,13451,3380,7788
67129,18171,960,218
77330,58868,1752,216
74922,24635,453,563
88481,40428,20486,86
86067,68317,383,10143
91120,38209,996,6840
93975,35561,9033,5086
73279,51417,386,5625
112702,59530,486,2049
83977,37402,625,3699
83713,38503,1108,128
120966,64141,460,6177
97602,30064,493,322
76650,36975,488,17984
103476,64702,479,166
101985,41361,22389,204
138339,17966,23049,2281
88558,68942,23670,81
79998,82020,2160,18255
111266,62189,644,3655
106606,54636,1124,10962
114446,27949,148,186
162069,29919,37084,6324
83544,47179,1198,156
90655,42055,579,334
60429,52661,1449,44
87745,56043,13761,303
88132,18742,869,1747
92120,46383,26209,90
116406,47969,55787,119
71459,21772,13003,6688
65577,53943,244,6214
144217,56306,1226,3489
162904,32288,405,234
111017,38408,236,1137
98335,46042,1549,1734
78438,48159,557,12172
100811,23523,563,232
142936,43403,193,6833
106332,30098,824,101
125438,20584,103,1137
111207,63695,1646,127
64232,50724,5764,98
77706,71536,494,34
144074,36819,496,104
97256,43988,655,3215
125991,35143,365,7814
94303,71245,69060,213
122144,37203,28647,8439
73574,45371,992,133
113835,61400,305,189
100722,50063,18473,191
110509,37180,159,144
125637,56367,13812,323
70258,40225,1175,73
130237,60207,27322,4497
93909,28734,505,4205
95987,43196,1348,276
106549,20978,557,5855
81514,25761,958,174
136708,48594,184,1037
149924,81508,450,331
82881,87831,355,3080
91176,37442,704,3753
126214,84941,306,1728
104150,45807,894,2384
113631,39075,390,17331
77065,32631,1588,501
108773,47048,3917,146
86276,21815,388,464
116246,45706,7720,90
104215,40198,260,1916
94448,47084,375,3527
98787,30969,505,4140
88643,37352,557,133
92888,43351,29633,2236
75014,62540,11765,391
68069,35121,168,237
129021,44896,17881,93
87720,33154,804,65
70791,62181,2565,11682
176718,49100,20874,1749
110605,46806,508,261
122786,97065,212,165
84895,15916,1093,207
147727,19129,389,5629
105641,31080,176,7866
73814,33692,252,135
96389,48761,182,3465
65557,18140,793,2304
149234,29984,563,106
124738,30615,8894,132
68749,21836,1804,7596
158578,31940,580,11762
124950,39220,35519,1141
112277,25204,254,2071
129209,57533,175,109
126588,45966,1284,90
84260,48022,4865,2819
95802,41992,11638,11417
180879,25831,1893,233
88744,37963,706,163
106379,29353,2015,180
101711,118044,3616,5670
128724,44731,33161,10538
97525,44156,169,155
107111,35983,49286,5783
131508,47916,552,30
106018,29839,232,136
116715,30398,268,2379
109431,32108,1198,202
57114,36675,432,246
128022,35170,243,116
41968,29064,1972,152
72800,38393,23745,4611
153641,47133,769,1802
64363,100913,20643,99
88503,48288,6343,299
80119,54819,20255,4631
155533,66971,971,2026
120290,31405,13157,134
158055,78488,201,5250
86494,13459,1465,6624
104843,63681,442,115
68125,36698,1478,5725
107431,47040,241,419
98767,74281,335,2750
96339,51849,1169,2887
90895,48471,554,2649
139490,33116,943,212
78374,22281,804,51
98885,43337,728,4770
87140,66220,649,4845
114795,38713,10578,23
93539,32963,117,4293
85864,63644,340,398
81022,77051,1505,196
82036,34849,1030,9454
76701,73683,357,151
115921,21562,4709,47
92430,30313,227,146
91947,25732,125,324
107091,32933,9453,353
104459,32247,2189,338
115576,17161,8590,162
115923,34542,526,97
115376,42308,1593,11998
80068,42111,1441,309
103022,43674,731,47
131412,83395,433,2926
93607,16062,17927,67
61543,54675,448,2990
77859,16552,205,161
130757,34494,1077,728
91643,42833,4890,501
113034,63817,1060,55
139000,61775,584,83
95657,58161,2512,308
84578,87496,1207,2545
91905,55463,43272,463
88394,51139,239,1802
91480,40364,462,51
78348,36878,8470,62
110418,40808,1023,18756
70385,11804,335,147
110460,55087,349,4721
88304,24535,6404,634
98292,25495,2392,4033
118244,62588,824,4730
129149,35049,564,35
102758,55853,409,122
133574,14779,1228,6862
89289,46554,1259,2394
105509,32013,353,119
91700,31851,11554,11017
144391,51981,287,6848
168434,44168,1043,3439
85314,124493,1126,3243
105527,15792,899,368
114140,38229,6784,2971
151132,52308,22193,1704
84892,63908,5910,103
87300,49309,10297,161
67083,53330,471,80
93932,35933,548,4676
135640,90910,34301,1816
91942,37664,18517,122
99543,34062,419,310
151545,62405,706,81
103263,37528,785,4626
73964,100899,562,1253
90356,69604,599,6837
65989,29434,850,10235
63769,35290,3343,248
83329,23987,11446,94
118712,39735,717,5067
106346,54151,220,266
80594,29574,768,77
128529,43430,834,2240
94454,82427,149,165
107879,34566,334,801
91103,63970,15814,265
99451,48618,482,157
51747,57601,95,168
113961,55262,533,156
85970,64051,528,246
81529,50026,215,3569
91459,57972,739,2536
137966,45775,292,153
98930,31476,6761,179
79317,37709,613,6530
81508,26326,18125,29
101871,43583,420,142
90778,32272,949,4458
158586,25702,80,112
140303,26987,1522,1033
72479,107990,393,347
157184,48646,16698,126
107094,40114,395,8139
50146,23103,1403,155
89368,25121,139,4890
98298,14296,613,166
48246,30998,573,194
92684,18256,2169,264
82844,32072,54931,350
105781,13713,843,6146
98284,35380,5937,54
112638,35112,607,271
73542,52445,179,146
121827,56917,12813,1794
98217,51458,3681,1869
68494,33075,494,159
92165,57705,740,4500
111016,28574,124,4455
109973,37884,940,498
165337,79806,114,3196
101067,32028,458,7559
115293,32044,913,96
105359,41709,22780,124
55533,43676,1047,6394
92546,27721,20987,1231
89378,33056,113,7377
164655,29573,1265,8112
91564,35994,2969,3336
119258,28187,406,2474
120864,45110,2966,6565
103096,50192,398,435
114858,35248,514,4764
87607,29509,1643,5539
100184,34250,238,117
75484,45943,178,136
127537,40685,39757,3510
99391,53742,1147,4047
72441,21326,1107,6261
104930,32135,34815,3016
68039,24039,2001,4549
115565,42446,6369,15037
100797,52026,2039,117
76730,23858,557,13640
125446,58963,202,576
145768,24115,7260,466
153815,21527,16593,7289
98475,40616,365,9672
91551,44333,26522,5264
168832,50918,43456,67
122941,60800,232,966
101868,75565,1654,4294
99017,27341,21833,41
126995,19643,7020,6854
150128,35503,264,6800
146198,49951,283,89
136634,61319,306,510
118467,35170,657,162
83677,37674,38664,70
76070,41320,1408,4202
75137,37660,1242,1560
95775,61872,6433,5066
107061,25063,253,128
69229,21833,396,127
116054,13234,42509,9063
100378,28374,141,5737
65890,75378,1082,2329
64440,83332,647,114
67083,87206,144,5493
108425,23719,298,46
138546,36409,483,111
105801,21058,259,578
60421,46925,2087,10150
97131,76192,589,114
73123,60812,510,91
63140,40086,338,15476
139144,20339,371,135
113367,25279,29278,6498
94720,34896,500,4126
80086,27693,718,10455
87429,29526,2214,177
103597,21502,849,4075
106509,48581,355,318
81188,48358,825,2736
150045,67579,626,139
136900,48046,1383,137
65543,39134,1099,890
111226,44029,605,709
84955,34276,45165,1484
158566,16392,821,411
91216,43073,6994,226
127456,67562,328,4287
98607,40230,488,5642
179206,62065,658,233
112906,90289,1077,237
116605,74794,11696,31
99525,28222,11425,7510
113750,31309,12294,161
66353,130145,20560,165
123056,40759,4808,3646
100523,26322,892,4482
79611,34139,509,6303
80190,63426,56,4407
113980,38726,3517,258
176931,35714,4592,107
216425,25917,14645,5155
110504,21656,13469,2139
133166,34785,931,1850
142139,69763,691,156
99688,28225,522,11326
129998,50474,3434,4523
167143,45704,1792,137
141381,34957,592,113
95731,36409,4046,3613
123517,60893,114,5042
58590,26399,17472,146
149721,59957,419,223
84027,28590,407,13486
117607,58416,666,74
73115,33306,7131,14479
174368,35567,22967,2826
102887,92536,159,162
132185,81724,290,408
60661,48021,187,280
91554,43036,15967,216
116795,79644,6384,2875
110518,36277,7907,478
139464,28171,496,319
108848,49478,8218,85
74170,39259,275,244
83904,42339,630,61
100867,37263,3730,15295
97674,52140,324,4047
85906,47610,611,149
135850,50508,62675,419
127346,32525,515,100
86236,37719,634,59
112198,26488,863,1184
109940,53481,161,172
103741,30851,991,114
87523,28863,1022,160
93324,30206,1255,189
99025,37241,978,684
96484,20351,6894,61
97034,49274,536,169
112231,27391,711,29
165982,51730,380,3778
185854,33332,1379,2469
150386,69688,11367,1668
133469,34046,526,217
88952,37873,8239,3089
68722,34626,26279,9902
97856,59810,65431,1699
118122,29862,5712,8818
131009,23730,205,2522
63554,54246,250,161
155550,81936,12611,9175
64486,26150,1268,163
81255,61009,259,2285
66988,33707,5273,6201
89866,34351,8169,49
91138,39698,307,5336
118084,33286,459,8330
66163,34866,43518,3219
70383,60265,801,80
172223,34911,228,44
84193,47489,20666,228
118318,31362,222,235
117031,82906,505,2363
75719,57510,458,206
75989,73391,156,288
79030,39493,423,738
115573,32203,19225,238
61778,37357,5245,1412
91644,23321,446,197
105454,41805,1052,2040
135274,27879,1021,2340
134538,41963,743,90
91767,58142,415,187
97046,50004,472,7596
76421,48178,1391,6576
107768,31481,55069,79
90888,51830,1019,155
136889,18167,142,5709
115353,28932,438,4293
110237,37502,861,6289
112694,31541,433,1301
88046,25097,464,5103
90474,24955,290,2945
118037,29461,528,2772
86216,39508,96,120
120257,51886,252,281
73214,32623,896,188
130528,36421,7104,2843
158972,40852,646,95
73665,23775,172,1944
68310,66587,974,228
99489,57697,1838,389
77695,43020,74,3468
137952,24119,1045,75
96723,31900,681,35
86249,37801,26781,1246
90016,72504,5189,319
92413,69209,645,1766
104297,34482,4323,6579
101708,31961,1369,108
98973,61947,5900,247
67086,40703,6487,1384
55871,96767,203,198
90695,64151,185,104
104139,49862,162,3556
103760,24997,81589,146
84796,33366,888,138
93449,60924,930,51
102006,58519,222,225
128615,53261,335,1197
64691,42470,673,9289
163557,29816,725,101
125170,49402,2475,678
127999,24888,27607,64
63284,36597,7880,7887
117545,36522,1055,164
82756,75881,285,51
134062,41210,547,2906
108009,40143,476,515
73540,23040,19173,141
108683,54355,1058,4420
84320,75944,1502,2732
107544,32332,541,2752
148758,35800,719,1524
111947,54684,709,144
104944,44290,337,109
144999,81759,301,211
87838,58096,2013,2155
74826,54081,311,3235
75672,16274,312,245
59663,43723,455,249
70647,34932,1028,252
108269,31875,679,199
212897,28325,315,1631
74658,25069,998,123
144160,31851,13316,1748
95424,57828,490,142
70351,40666,763,149
82664,36854,190,8898
112115,36723,21336,112
198488,81771,7933,162
87106,37609,8805,129
91701,43570,1252,5096
101584,22486,18222,124
147294,34646,541,24
101742,38859,478,2761
87099,62905,15376,38
154392,34999,10344,178
94651,68428,1150,181
74829,85424,588,71
79587,30778,635,90
89713,32967,417,223
117661,42453,352,272
117631,39058,43252,159
151567,22221,4225,166
154980,25802,549,64
109063,71468,552,221
109423,31818,575,7284
90874,47289,17727,2703
83202,47361,1212,2708
128574,34954,499,2975
117885,74845,590,149
65518,33467,2729,91
116083,43522,1945,388
115264,28155,26957,148
125566,41928,207,3241
100787,36957,15936,1410
90937,21413,2154,15465
100424,35064,420,2024
65883,14809,151,276
112438,64793,589,1720
141365,75640,4585,80
82230,52934,908,46
93387,30048,44662,976
99075,27589,152,4405
55941,53685,17410,4203
75844,88430,654,5639
155589,45541,2534,94
86659,47213,591,7001
133378,46583,19341,164
80411,12521,1371,178
98237,79388,912,247
65357,81688,1159,20
127443,36631,427,208
58998,45853,468,5774
132893,15875,1228,680
74200,33075,77497,460
84712,29626,1304,1853
89246,55824,917,385
77781,23940,407,345
77568,44419,15333,94
120072,36862,394,8913
85673,26445,2034,176
61465,67749,689,65
141195,20590,316,227
145763,34968,249,333
66074,28269,512,1043
97945,25295,219,202
142114,45024,1192,368
106894,31756,1414,3031
103851,39802,2552,75
168117,45221,615,147
66235,35113,2818,4065
142396,35591,616,94
133369,57686,162,107
75638,41313,359,4087
108635,45219,3686,2141
57863,37744,814,237
129487,17331,1745,318
120563,36091,430,2753
112573,81025,1128,4882
107748,29225,300,5005
82063,49336,58622,74
105892,55563,956,487
84116,26395,28478,186
93923,58732,250,155
73540,86504,762,177
105938,27111,282,223
60221,54564,477,4093
63815,59819,464,14851
83775,39041,13764,172
102405,38630,15841,5217
108774,30641,358,74
61223,68824,16555,9763
67361,29247,216,1850
119710,56547,692,7323
158295,31258,2473,123
79139,24929,388,4639
75987,29757,1031,7700
97877,33652,23132,188
53766,33110,1431,4092
105341,50101,428,7749
133172,63260,1512,125
177359,30507,882,6610
94037,36947,529,80
116588,16688,32128,201
91204,41124,22141,113
96034,81782,2293,375
90695,36092,16797,129
104317,32736,486,306
107380,21145,21373,28
119567,30695,1740,104
188505,28329,24642,169
99424,38883,548,45
77287,35721,31557,90
119331,50459,252,2030
165239,29224,284,262
87553,58906,1780,151
136459,22453,383,169
103126,65718,4739,1106
88930,47541,339,81
74423,37985,1071,6653
94066,62465,4547,80
101185,29418,611,5189
95178,44890,2322,9254
80068,59938,4626,7023
102333,64843,262,81
107520,46557,16530,2889
70699,42032,427,200
162729,48158,8366,211
75137,57392,264,7934
145088,47327,1651,1312
94207,23734,326,4539
128562,54277,1583,17169
49446,47241,634,205
94643,11618,4688,890
122392,42580,322,6450
90146,45676,117,3969
116719,40191,695,50
92996,24782,17931,82
139505,156540,223,4318
104668,16236,686,625
90647,34917,1484,63
92500,54318,145,405
79288,39284,626,249
91094,41284,570,5652
103701,61791,18793,7093
117932,27790,7634,11968
84838,30091,27123,2396
78265,26951,590,164
92050,26334,728,2435
106662,56800,1304,3146
85138,39409,533,71
110759,37526,144,61
107438,58770,13754,298
120174,24224,942,126
52820,44979,391,6004
125799,22619,261,9120
70994,21390,494,105
97343,31573,874,2585
179393,43172,600,3640
53485,37965,551,531
92200,28422,19130,411
101811,39552,255,235
95420,38250,137,7238
122561,30034,585,278
138841,43854,761,2611
121783,61200,305,221
115614,52831,422,171
92612,36119,370,287
91422,25465,686,600
147715,66426,4924,48
90832,54461,393,1927
110620,175804,828,112
97714,50890,432,2311
121371,18739,4671,469
115535,40499,1029,230
98326,48526,139,198
80212,71451,24212,2153
129797,41623,11197,145
120029,76657,29015,6158
85573,25704,826,274
138294,43004,41,7475
151214,67099,933,144
93777,62194,22692,367
119702,49946,316,3041
165213,46700,428,333
104311,30633,368,3562
118372,20047,406,5200
68750,42425,232,5006
81041,106651,819,173
129082,28136,468,95
74685,18264,385,7284
122679,26971,11346,6016
193336,16850,12683,145
69675,33734,536,138
82193,65062,1659,3903
63569,38247,8537,4471
77651,67306,943,3944
136762,57180,316,111
53843,74105,1816,3565
147404,45084,21131,18619
62624,49646,433,102
58001,86632,880,6236
71878,80658,323,81
128007,35446,689,1682
136625,42328,1632,463
97429,30419,210,1500
108556,42052,437,125
66430,32823,20169,324
108953,47306,1083,154
125053,34608,279,1506
95410,47630,871,1724
153115,29759,343,386
93675,34196,6907,136
91296,34093,2375,225
80771,47042,316,3166
148343,28812,11197,105
149938,75217,1125,3242
95068,98186,462,2211
135579,53434,1495,436
79605,44612,17132,7124
117513,44330,56978,88
134858,36873,1038,45
104095,16032,961,1344
81358,58049,641,123
97821,34579,15266,218
72252,32524,19028,296
108961,48398,2162,269
82606,26698,20236,72
132940,52365,16231,39
108248,23875,450,4321
73651,28104,619,112
131315,40206,832,3065
93767,57348,2318,144
84372,49151,811,467
112306,49304,235,153
134877,79475,3282,103
112241,29463,554,41
71280,46121,1142,190
99173,23772,1462,69
84844,21607,1086,500
85759,30188,569,2912
102366,72125,384,3863
83968,26496,1115,171
162480,40260,398,205
69454,45828,376,138
79743,42480,1000,139
71844,30207,143,228
128152,47042,16527,3902
170417,52910,9857,235
58928,36733,613,1971
78453,22695,204,61
95935,35894,2038,2817
181512,31241,1872,7736
73925,66150,377,257
94061,31986,517,48
89837,18925,23103,370
95587,35545,659,6022
112712,32333,432,236
78533,54134,34016,4530
78431,27232,988,5319
69058,40578,985,9791
73586,38984,1316,3241
95085,25755,925,2884
87849,69186,11964,176
84904,69879,90,154
112633,30483,191,6132
99119,53488,119,220
107949,42286,7488,3361
78501,56860,162,107
148058,27072,42169,4410
79598,32597,735,106
114763,53873,909,11641
81848,24317,16894,4273
180327,38702,1407,4155
103196,42965,924,263
78335,37690,1670,6396
149277,80052,12655,84
179305,47219,1051,362
65987,50905,19017,10216
195616,24287,17489,5609
118467,56307,309,84
154293,27469,1804,3375
73443,68727,1595,1717
129155,55455,299,8699
113968,54103,1092,106
68612,16528,10405,59
69105,39528,282,3199
44370,57548,1071,1669
100628,45899,772,4683
70478,25219,3524,395
102367,48665,829,1636
130643,31455,21176,7846
88807,41512,918,151
138279,58934,373,111
129796,41863,317,272
132741,21123,29778,207
150477,33880,123,241
76349,32343,270,1889
104618,36355,34953,147
149094,60407,2491,4012
59577,79043,477,5193
145861,50764,1574,1578
74269,40079,640,2739
87993,48987,18822,2247
115347,30105,697,138
134890,30387,1098,3628
112864,36399,713,7737
95060,64886,1409,294
66268,25626,1259,233
107181,29233,154,1781
99469,48645,290,1698
101736,39300,4325,3987
111149,48054,290,180
99683,44454,1042,174
87566,115704,651,9687
107921,29274,324,43
77404,20224,48726,3538
76586,27672,9261,98
87312,78498,768,218
123570,82123,319,7363
89953,32203,11015,96
77857,53066,93,2471
155577,36394,3967,253
104991,50140,429,1636
70350,22296,693,3728
92787,52024,5784,3169
127274,32981,98,185
104471,30684,22248,254
90289,33276,253,31
141844,48530,363,194
73914,30117,662,127
138732,24596,2980,82
58004,43118,611,672
96738,42150,37431,60
63733,58354,1546,3434
124667,48713,799,3584
61772,18561,1031,242
87873,62291,1026,57
101568,50427,653,2825
113043,51607,48314,6849
170117,23362,701,158
132417,54723,1756,511
113855,25724,1251,400
101108,22905,799,71
119102,27190,152,8862
189547,22458,30017,79
114569,63646,578,152
84434,42030,275,161
121472,32510,854,279
104306,26158,178,70
95797,30915,180,212
145856,58376,602,205
111793,48972,937,248
148894,40962,6287,9612
79591,23224,765,7929
84759,25078,10677,237
119949,28034,456,2663
98282,54565,919,1218
88132,76364,362,176
118951,78839,147,331
102374,26110,79007,143
108269,46811,521,2011
87211,45528,715,4849
115564,70129,2270,4164
86925,81571,594,2068
150491,22439,299,2422
81818,43633,200,31
104913,38924,1257,7423
94550,21959,977,215
85266,34963,2792,2448
97491,49555,11459,8671
68803,14947,189,3557
106780,39376,1622,24
115356,32302,482,2166
137349,57596,478,27
70255,21318,1881,43
74492,33353,22389,133
107150,47479,21369,49
68371,44577,244,22940
72428,47655,7966,3342
96165,33351,618,7417
65835,27052,429,1107
78964,62718,9112,199
67709,58771,397,186
102843,38439,873,5103
56997,27140,640,4199
177514,35425,410,7597
90766,118139,335,147
158410,49394,18985,6080
112767,23595,2565,4164
84648,33086,225,11977
112938,37172,1728,3374
113928,32216,468,245
155252,32200,10356,4494
145140,24454,1299,160
62960,19080,483,4998
79766,33404,353,250
63379,59769,370,1531
110047,28047,329,1809
83702,66861,1130,2920
122814,31894,883,445
117025,30079,825,154
119447,33477,986,4312
128126,58086,294,3003
98976,50762,254,33500
139398,26775,10482,137
110019,61640,876,6202
146794,54693,857,96
68260,22915,430,230
72204,36212,1057,47
125906,47081,1366,1944
155700,32937,778,6534
123211,41891,16339,944
99876,58628,918,302
58091,51617,1148,296
126188,45414,201,2825
148799,23569,20669,217
96749,42904,1643,6945
121479,37064,327,123
121139,21687,905,2487
109886,63860,544,99
82193,79270,307,293
134307,47871,583,6684
89336,38029,950,194
136095,29892,383,2369
101051,35098,304,1527
86902,54831,426,238
104540,36997,6867,17194
111613,59381,642,302
100625,46790,437,108
82461,63459,686,2344
64685,45496,811,10590
65957,26864,377,228
114768,46501,418,72
120647,65703,536,174
124962,18689,798,56
133780,26113,1170,193
78524,50178,3927,3797
91970,53958,416,57
115691,27527,749,5142
85254,28496,723,135
79066,22000,469,238
147457,69214,12889,6643
111536,41346,256,241
143991,47711,279,52
107914,19209,403,2003
180668,44346,240,150
145514,77636,303,3315
143775,82709,1878,1026
86885,56949,281,217
118638,14061,428,166
101205,29690,216,256
66782,24591,275,1964
89856,39390,200,13256
91032,12798,980,71
109248,40727,1082,3408
61936,56582,26122,140
90491,47122,210,276
96780,34496,574,110
107717,24811,461,347
95239,41205,790,1597
91866,28589,287,2416
75660,61592,16414,3333
108746,34402,707,60
65169,43712,224,175
86014,50763,270,2062
114177,34053,1891,8355
58849,45422,2009,1241
118330,81988,7979,11363
84789,20399,3861,4726
91626,23918,882,920
107315,30248,705,952
89066,64159,1341,1915
174177,31100,111,126
156700,33897,37130,277
186931,26741,7177,159
169491,44198,1707,144
101871,23578,367,57
52119,149311,21822,630
143670,79825,861,1873
147394,51388,216,80
87332,41882,712,162
168138,63161,942,13000
75936,35223,214,115
107517,105682,3727,128
76610,17875,2083,130
61342,29734,584,306
65347,25379,1389,271
191974,63255,757,141
92409,70677,634,1237
101500,29694,37714,592
158417,32946,635,93
88630,30241,1625,106
95972,63151,1958,72
95033,48627,481,309
126755,31260,148,105
91865,33644,210,2917
77654,48591,1768,1028
62243,28060,1118,2967
101161,54371,8772,3779
90171,46691,353,4228
123042,39332,372,1402
171276,18890,277,7132
67191,27219,687,6492
107226,28813,604,137
83063,41234,26339,274
69435,51184,448,80
94527,38148,848,4813
73564,32606,598,5286
191198,70087,746,4128
120488,39147,29574,5569
94049,58511,824,1899
108904,22910,543,98
50996,53586,3346,4170
98785,30761,10767,526
114540,14980,14100,6675
104361,53357,1092,174
90483,31896,995,199
54144,46695,398,3089
51345,17576,358,3361
107517,44319,1361,87
85953,76863,1080,208
104537,34274,493,23757
127878,30779,354,23037
81223,82088,753,11000
145585,35724,1373,2216
90686,46219,372,3709
97607,24838,497,6081
120173,42746,519,6203
135552,47735,146,3400
51467,43239,1469,173
77877,35393,391,325
72571,34769,664,9279
79582,56197,586,2002
110736,54659,665,8537
113722,74744,542,100
86917,37339,352,143
125799,33412,18426,2071
77214,26771,570,8191
105271,30105,116,201
101516,17095,1841,289
103422,27487,3616,295
80301,44215,4187,9368
155220,39769,1135,116
92872,45680,366,4267
179079,56405,7965,354
137825,21059,1296,4266
89574,67736,456,755
115199,38841,1315,249
77224,40495,10669,105
93796,45986,313,2010
87866,19934,320,116
100414,30055,692,7558
127744,53136,5184,2829
85909,40449,906,1222
140578,33679,88688,204
104426,46207,3540,48
93464,44635,1574,2694
104904,44797,924,8897
94691,19759,350,341
79804,37840,96,195
100056,32439,1260,7682
107248,30383,967,10274
133121,105848,81,3070
112224,50820,910,2100
89703,29643,405,190
127374,28649,16555,240
148388,35893,22625,383
73356,46253,1670,236
94297,24287,230,359
119840,56490,341,366
106269,21012,444,76
87454,67389,1178,553
60390,36080,3110,53
75409,37892,1277,13660
326640,27294,415,3667
85603,62296,1788,146
99896,24726,540,89
96357,39003,839,2483
94342,47806,234,117
122959,66409,981,138
75063,36884,222,940
47704,29535,111,107
69176,46767,6897,18615
67159,63652,32217,70
124274,27292,520,5139
78317,23291,1670,733
83478,70335,160,59
97680,27042,707,266
82909,56607,450,216
110500,28129,688,17705
53540,77218,1148,224
95542,66154,364,266
82827,26501,1286,208
109297,61310,475,64
46649,27095,565,3155
130976,26650,12063,169
119474,41067,829,24
72227,41402,1007,3715
132502,37471,123,196
74651,46506,11510,2345
112388,30170,450,274
113133,48136,28374,106
98824,37981,6313,8300
89903,20908,315,148
82686,59920,205,3839
144140,36535,948,132
109530,46222,14602,260
111064,53354,10018,130
96784,27742,1613,3706
69287,33499,6906,213
102034,53127,237,3945
117111,89768,16421,384
84141,41280,1143,138
97600,22702,2887,816
133973,39314,1490,1530
85240,50953,638,96
71840,28382,17125,6047
92717,37622,16363,445
132086,18706,365,13921
123556,52862,990,5053
114669,39724,1947,131
98746,31057,144,100
72249,49455,21125,929
93503,42957,13549,2431
98607,29270,41432,6576
78798,18133,1199,8045
103451,55510,3011,109
116071,26454,545,4318
105654,51997,1620,159
102035,87122,680,5188
112457,14690,1226,346
82213,25521,805,10966
76884,26086,3744,2846
96032,61012,764,411
107247,35431,1359,2233
117533,69556,37475,94
114731,55394,27703,929
139182,46934,352,65
135739,33753,8102,3566
76926,22320,385,9148
119753,30625,570,4449
113545,43777,760,162
103688,49904,11005,2636
117724,54210,750,217
144180,25535,337,11384
117043,49795,181,3615
160562,31389,488,37
145466,72231,913,223
134569,16685,13517,174
111996,67108,838,9085
131161,37892,6716,2395
136286,80379,1101,5627
98865,32808,968,5274
113649,22450,326,552
70058,65233,1230,60
138343,83124,3087,88
152023,87621,671,559
98587,64261,1782,54
82855,41882,23164,2610
78876,50554,965,62
104403,18427,723,5856
173381,29283,17349,146
139591,61967,113,2435
145291,31488,879,112
77859,28673,39308,3887
61009,39218,661,2686
116963,14628,711,64
87766,52169,24370,114
95190,58842,1346,2570
100131,25423,1462,488
142617,43316,6252,581
81590,49496,1430,9317
69188,32391,1087,5941
144477,43003,779,10511
95788,23360,1796,33
103488,34687,202,2471
87103,110843,497,74
144637,68934,484,6046
56746,47125,5850,8616
72859,34404,384,4723
75208,33976,231,4785
111167,108543,1210,67
78808,47686,393,4523
93409,115599,1391,1226
78666,16184,1676,5321
164005,38165,1282,2629
109663,59683,280,45
123265,51188,166,648
182457,65440,778,250
108760,17650,22133,416
132255,58608,175,326
86097,16723,443,16589
84707,34969,277,1668
86594,34141,815,140
121115,99914,805,3997
114430,65456,645,177
102725,24890,326,662
101014,36000,146,2755
63273,53103,1012,5805
179714,42126,1023,116
115290,15599,26241,4672
129125,29145,573,100
103450,26686,248,153
94913,69346,312,2249
106089,41666,295,324
136478,30906,596,1288
136616,17434,543,435
142298,60838,19537,263
88688,75800,7908,318
89408,37657,725,71
89690,54598,379,301
163399,56715,1852,272
98553,31235,507,3054
83875,33153,964,4524
86886,36577,19438,4247
107316,55755,7726,169
119262,42872,7385,5230
73733,29332,5969,2799
74566,55286,514,194
78982,41098,868,195
91143,52358,19108,602
101244,32353,203,12168
96619,25973,442,113
112947,32458,96,3794
133887,24498,54206,407
91896,44404,372,1996
82493,27534,10447,74
117567,38733,125,1281
86551,86294,1020,7786
70983,39050,355,3607
102162,32917,2968,1423
116616,44823,1506,76
123870,42788,1533,5826
117805,45443,497,3386
100207,35381,2270,823
110767,53830,333,157
143752,31413,893,5237
68575,39814,372,54
153645,70659,470,119
91318,55634,1126,364
98238,45696,1697,5548
113939,46986,861,37
69832,39836,15011,103
140311,30974,7353,9951
72409,26805,1757,1684
52321,29834,2972,5452
90447,33984,26176,2085
71644,23142,838,391
149204,43767,928,130
146419,55923,894,2438
82508,37989,727,168
68848,74182,1673,87
92347,28432,512,4385
147799,51788,7256,7228
107696,50713,3818,87
66874,23674,291,8519
83601,45153,3672,5662
101192,21209,7590,2425
163007,85842,1991,3187
116112,25056,1904,5944
60606,33544,228,4492
61895,30030,595,24
83303,31373,519,168
126025,81304,202,488
69371,51283,4041,878
146792,58513,11073,63
71797,67200,1465,212
85476,23812,185,41
90074,29553,930,4228
92383,30914,8602,10144
76506,36993,6646,288
148013,63902,28977,8263
91920,50570,9705,110
64260,29141,2256,208
80845,66682,34693,192
71770,26191,20986,171
121627,14080,133,139
110023,39557,14807,6243
69000,47444,777,2915
90408,42512,9436,3536
102310,84877,2045,991
103044,25412,1007,55
150197,41206,542,4908
80161,52616,603,1541
159804,55340,7618,682
64364,46483,412,1664
96049,44556,1086,91
97290,27033,128,50
110364,40559,803,55
66184,51416,616,2532
69720,36758,236,16985
78565,29588,811,90
102908,29487,1376,119
71036,48775,14374,4292
126164,33095,7469,1952
63260,47910,1776,2415
101051,44418,655,2316
192264,19351,250,61
73162,35801,1265,11138
108623,27120,170,164
174676,46253,25837,4373
146886,36655,616,145
74012,40623,39907,80
76936,86932,1512,251
93677,29084,429,221
109824,59098,1002,244
114994,59979,9092,2665
83893,40856,931,5062
86183,32197,1209,3337
95131,43288,28552,3997
67909,42730,3572,1214
98296,60486,27968,128
88666,30650,521,602
92519,36380,224,265
134614,16085,26492,1749
96011,32626,805,114
99505,20069,893,393
124794,31374,2725,93
96657,43848,838,4076
154837,33630,1862,163
71021,50108,250,291
96216,58508,308,366
177110,39426,927,4860
76511,38264,32600,9620
90982,59520,230,10770
153949,24934,12413,604
70038,24734,409,3435
101236,35824,890,3649
140356,59608,212,9379
84900,67560,1858,124
139643,18050,565,93
101726,34251,330,4840
80260,35282,18759,191
120467,58362,413,50
74947,49825,4872,4175
131801,40439,180,6849
192177,35395,650,32
79138,39864,1257,9127
78484,46660,232,5294
78032,27592,276,142
122427,29538,813,6860
123980,44001,15655,47
77340,30346,1246,220
138636,29000,4089,4595
82405,34947,1312,288
103655,33200,463,4396
92484,40741,41382,474
55012,50331,1248,470
138643,19250,669,192
152500,47258,176,47
138733,41541,18964,13417
107475,31594,985,9568
87352,49824,563,5093
80656,70984,472,1467
130493,16142,21328,3278
89028,53950,741,277
105318,43996,30730,155
64308,50534,123,3380
165321,40718,398,38
73370,83707,2652,2639
80500,59301,1936,482
119687,23781,816,6223
83816,51930,466,3961
70556,45142,1488,4471
70901,140048,6535,4356
109481,25207,253,8471
136465,39232,408,281
134778,44442,385,149
92626,48929,9375,128
151252,39431,3719,2419
120363,30105,371,143
148709,99357,1927,266
89919,45235,679,2354
131178,52661,24191,3308
83934,50486,200,8454
121718,60664,974,37
84216,27518,23447,82
80730,55822,631,191
120962,63220,1072,106
83399,29124,17423,6663
100717,56159,491,4217
88566,26703,1065,1210
128768,36843,1357,204
103051,30589,822,1983
140469,61432,846,3661
118185,108440,867,2916
80463,63265,496,9061
63500,62645,46113,76
100095,64846,1962,69
89724,52204,1901,4870
107696,74269,529,6363
181542,25549,245,89
88160,19040,300,384
121264,23603,513,132
71479,30118,717,280
103618,32021,820,4754
73555,22795,151,209
52367,38577,9802,134
173375,25978,124,383
89303,62470,2334,4046
117907,59391,845,332
128687,53348,2955,14230
139720,79376,1414,453
110665,55167,25076,2331
62170,36147,22064,2740
120826,63420,2413,25132
92731,85574,526,165
111334,42807,1530,2092
102655,46314,289,3134
115606,25656,14525,344
143637,33291,617,3814
131456,33343,863,3362
118996,41227,1979,78
61137,38814,2513,1544
59896,30586,12570,127
144350,95256,1172,404
142449,70691,303,89
142027,27569,564,235
163767,32053,843,199
103477,81380,360,3252
116596,22897,1230,137
121129,47416,336,7711
125607,33837,896,2101
206330,33510,379,7527
93218,72336,2428,91
116154,26947,13898,300
139119,30088,5861,118
51664,35203,18262,131
89076,18265,367,14785
139045,57609,163,12186
91473,71705,28318,217
87657,42767,790,4494
70169,34325,379,11707
75779,40549,1011,3445
133788,13636,525,2325
99939,28900,497,228
71942,24878,311,155
87970,25471,644,4381
145947,74220,226,142
113897,41605,11458,6057
114018,54301,523,214
87451,76646,852,5765
159874,54961,12606,113
112135,39612,362,3660
77393,20178,253,80
109154,33471,22788,6301
119214,53087,8547,2678
107660,54533,328,2414
126646,39680,870,100
85466,16228,2839,142
97987,27508,15861,1402
51264,37056,1470,5547
110315,28423,376,2225
150247,37805,33340,5983
92763,56931,1124,118
81616,41741,14815,9511
59633,22055,970,122
141076,40096,2099,3684
61115,69349,451,126
39972,21351,482,7499
168194,17218,12236,2545
98842,67882,4108,67
122988,64138,655,265
101104,50833,611,12236
93778,44328,764,2070
88473,42525,640,323
91006,55533,407,120
84945,62944,1561,124
51463,54632,32151,158
79849,48269,2606,3014
107826,54870,769,3239
163084,41325,675,7588
84876,34707,1447,3246
105973,29244,9212,213
179405,44937,1545,2747
84662,34191,735,538
90409,45989,26880,293
99812,69450,164,439
106910,43810,606,156
80208,46927,24601,2862
51851,19159,2453,3606
92857,62900,1370,1733
117380,24673,4753,4296
85597,25748,1153,2287
83671,46211,980,4321
142726,26358,8374,7176
120315,55920,559,5676
102590,66954,4684,5356
82151,49669,11852,107
123128,38307,1017,6001
83370,51268,169,1175
126637,29994,523,2423
81851,39299,876,3628
80207,61752,668,2771
104060,70588,9869,1942
94451,31609,338,1925
62587,59039,1120,96
89922,34734,657,156
134243,29485,770,6011
102710,44147,130,114
120605,80662,186,3466
61493,57674,775,165
113681,38238,223,1785
104294,37804,1313,374
110413,17300,10472,7091
89205,47550,149,4491
110404,24905,308,1826
108530,13836,801,2821
107716,19697,7031,145
59138,89512,20996,10116
107408,36075,2723,398
118654,31415,1102,3184
151809,36743,765,110
96110,31741,1063,7920
142711,43290,475,164
99911,43720,1440,15850
94171,23931,973,351
89173,25482,189,231
108837,42870,1549,1930
218570,16253,221,3025
118276,32356,490,322
87407,83549,15216,301
117780,22154,1591,257
114071,47431,19929,4402
77294,20830,2251,2539
120653,31325,420,227
102064,9800,10869,72
78338,42337,843,3492
64987,27986,1414,3481
120772,43893,13494,464
89142,43949,7021,4201
97642,33657,1192,161
119192,41838,11467,1700
61894,21018,719,6462
102057,31736,174,10872
104544,47462,294,112
140529,27356,334,3375
84099,20158,8575,269
120060,48411,1113,189
80637,31529,307,526
95446,42668,422,298
119415,34124,5629,264
80457,27075,221,990
79480,46325,1317,185
96050,27369,391,127
78408,34772,731,109
79050,78461,2671,90
96058,31735,263,1939
113446,40767,300,109
193258,60586,835,295
93372,72011,373,4115
87195,30580,995,3531
102384,27019,12698,139
184780,43284,1932,12197
62388,39958,162,3644
136714,47616,300,4581
89340,15256,2399,1637
99058,19313,666,3207
98883,30900,35744,152
88808,22147,586,340
153348,28976,38772,128
97336,23425,450,391
118315,27883,378,566
117784,72916,1001,103
118402,76174,536,2969
140124,29831,677,4400
65049,40054,561,154
127882,42793,582,1607
182747,26311,595,77
128334,55362,32056,420
114198,21849,392,2809
114496,23121,197,5203
121506,69388,785,5216
93962,39302,334,3252
92000,48444,886,454
116067,43877,632,119
110666,44769,476,4573
95896,40325,296,2323
74974,37125,333,173
94150,48568,316,140
144523,45109,1355,56
113349,37213,87799,128
80775,28794,428,30
104216,63957,787,8493
115540,55713,746,10805
137113,40918,1653,255
69355,18555,34593,99
81182,36935,123411,86
110635,32302,25882,261
162996,54170,361,13777
121044,35844,577,4907
105087,40520,1134,211
68488,54908,686,5083
93336,30464,169,23
69211,45031,928,501
76506,18819,40294,525
95015,25723,8844,3498
100192,57030,948,201
130220,49796,408,34
118131,85919,11458,116
165089,14568,653,97
81749,70000,757,6736
108928,37051,12083,1805
88575,57334,459,4721
157922,55055,8695,3532
74942,27614,1565,80
98840,33790,811,9103
82432,29322,6076,53
95256,30320,303,128
74380,41356,558,90
89092,76861,15556,74
76514,60778,219,195
95085,33940,294,109
74987,40325,625,3980
122627,18257,21508,4854
132420,25026,462,129
119860,42410,960,3344
141369,21293,194,7088
110836,49904,352,169
88239,31033,948,196
153529,24301,1811,3664
102349,75090,541,1092
63542,37591,6850,135
74593,50079,698,12025
101167,14388,1109,95
81509,41553,5231,227
176473,46158,1138,276
118514,62931,660,2101
80539,39056,553,303
71932,64237,388,578
89327,35664,4133,84
99205,27294,1774,268
85563,55702,1543,312
127137,68896,118138,3862
117779,32771,381,151
198794,30913,1387,2649
152256,35600,1139,395
166134,44173,20843,2464
83034,26097,421,284
88254,80533,630,106
156771,83411,313,1922
74754,29176,429,98
105010,43395,712,3065
143773,37916,2203,117
88225,94107,229,5693
66122,45680,73,8182
82594,41363,1332,2631
77571,74023,156,3545
138059,70463,353,1030
57851,174353,612,167
145950,85913,20304,12200
131880,41707,2642,3418
78626,57207,1670,114
99616,30199,408,1488
172856,42639,21951,2657
65180,38866,1498,2345
123744,16807,3071,152
133149,43896,33517,3363
63440,33223,327,5756
63556,61098,1020,2461
91413,69720,500,305
107838,77558,306,1633
68353,71067,468,8682
152790,35366,4079,213
68398,36008,13661,3701
101645,38974,486,336
127809,40775,2014,2487
105764,43355,111,194
116734,21513,585,313
125504,49121,455,8503
98763,42152,1067,5079
57541,41711,1055,4332
118656,30935,700,5353
87466,39290,530,7032
73916,32168,148,5210
71926,35998,7258,67
93177,41983,360,6448
84026,40976,20644,211
85177,67899,422,20
123633,45416,3527,177
89116,57949,539,4930
113201,47377,1428,161
124588,81055,242,72
162205,64083,654,33495
75826,35497,700,36
158034,41705,17709,127
88444,45403,14650,6455
119263,60535,132,155
139672,56440,4796,4213
133528,28328,907,7889
117295,44535,1816,87
57430,27572,8709,99
120575,48596,337,2170
89290,75946,1073,80
118527,50459,1571,6920
79861,46274,844,156
136096,39460,26494,3631
120134,25284,533,303
109280,33090,1077,69
116248,35100,1217,194
108717,61482,241,62
140705,52433,829,1515
114190,22050,1550,108
107118,58921,1557,181
123727,31554,2054,146
115630,25690,65166,90
55392,19522,124,3941
83497,26575,51059,148
126804,32069,460,99
82851,28828,133,186
78601,52846,1283,325
81837,53190,11892,254
115857,29555,2528,135
104882,37342,853,1987
115882,47846,52538,372
124357,58398,7747,6482
88911,50994,399,40122
102305,44188,13412,239
69851,25198,257,45
132524,26562,4160,163
122583,80867,20001,220
125200,24767,378,420
77479,32604,333,4267
143337,26336,467,11032
63293,18502,456,2016
74372,82433,2983,4489
148820,41522,308,8968
85837,52284,383,7969
171733,35570,17476,231
93332,63920,1048,207
102864,65810,230,102
102357,26255,382,1369
102595,35781,267,4395
80110,43992,575,819
79823,19282,234,2320
97094,31549,272,1185
107627,45236,591,83
125930,55819,3004,38
179224,29478,480,120
133484,41090,581,8548
91517,34764,709,148
104647,32325,157,380
87326,49559,361,290
92081,53643,1694,10466
90262,17399,586,195
194278,41130,18035,5612
115194,31752,2022,13344
66958,47084,2915,514
82141,26219,418,3323
65781,62879,6490,4379
74363,42904,1260,101
104566,67555,41627,4335
80769,41295,12331,2949
182927,32952,190,5206
104391,35063,396,125
68402,24948,1638,214
103375,41104,560,2532
97543,41561,4087,3143
78833,22993,1329,122
98316,40107,1530,5161
86661,34830,1896,2407
101967,26965,1615,458
112115,35196,1716,714
85580,58289,279,6292
65729,72391,530,192
159118,20147,602,4706
173508,45383,1589,139
98236,69372,37810,967
87488,47597,15859,297
91445,25023,654,125
58566,49233,411,113
79353,45860,785,5395
85900,18231,669,2138
62591,32448,1078,250
186025,34825,7144,68
129575,34130,362,89
111237,35317,248,4043
68377,73845,19494,7024
117813,65131,357,5526
75975,38461,542,226
91234,34585,191,11669
122227,41563,727,2493
98707,21257,8157,203
102615,11148,50719,67
91446,38059,670,57
71537,25577,534,100
114548,62221,826,10034
102002,29057,364,80
104252,29826,787,161
88576,69588,505,4955
72446,36105,1243,4404
71678,83688,354,100
137188,46298,169,5161
203850,35751,913,255
69275,31476,1379,139
80862,22252,1590,1661
90616,34637,1259,133
86513,38626,1403,106
92492,44418,127,8771
86789,22493,939,110
77137,20631,20956,1252
75609,20162,57864,3338
140981,50243,637,2880
126740,31597,33121,265
71571,48636,157,2205
88346,78044,172,164
104468,17429,441,153
133867,85489,1106,2022
106139,18960,1210,398
101500,50676,549,9552
115960,27104,208,102
125091,45655,2172,6302
111662,39533,511,4373
67225,67565,1255,287
143613,24753,1929,2185
74379,43836,494,114
85870,80269,266,262
84081,47509,607,70
70710,21774,2262,3810
81126,17556,1861,180
82063,40623,515,145
73701,38986,500,11801
142956,70649,1698,5191
119219,11314,14616,5835
119894,44167,8182,1846
51857,53516,789,282
84307,30709,788,85
88565,110478,326,9308
92971,68404,1445,275
83939,32889,795,264
80954,39818,711,1014
112069,52719,332,3937
78581,36109,2125,293
105115,36635,1572,201
113941,40831,571,1957
197423,57011,875,5441
140007,35551,8640,107
155727,18519,694,4249
128194,111422,1171,7328
116053,25611,399,4305
114622,28862,432,55
71746,40544,545,3098
125089,63099,586,112
76196,52259,1907,136
58273,26672,458,7615
150591,48520,1135,11570
70202,75632,277,238
98351,38516,321,4023
89107,50137,1444,5497
136370,43780,264,2578
101610,72945,335,101
115918,42484,937,137
101026,42094,671,358
87665,32522,297,76
79623,14739,892,95
110864,52532,1046,5437
78666,60110,8079,155
150150,43300,498,217
86272,65541,8358,190
87922,82976,906,938
84988,21674,822,95
96640,31479,8395,1388
97965,108015,376,86
92765,40169,1305,11446
93268,19163,523,530
65115,53460,775,2862
139278,25066,449,256
125919,27870,17789,3462
177081,39738,817,233
70891,27977,1477,1616
112035,41180,2124,248
145432,31356,5394,2971
110236,58212,155,2655
127053,62045,35896,118
75415,24930,10249,220
104083,25310,548,100
101475,76994,212,71
118515,10909,1327,181
116744,21698,14448,174
80417,39209,40592,7217
80643,49178,521,222
108855,39155,1040,1215
119747,40619,197,7988
84850,42038,15904,5750
67799,53624,265,244
96763,36303,788,65
144796,82439,342,6530
118355,88171,198,77
93886,31174,709,1685
107246,35314,898,2200
150528,56642,817,61
57328,99521,1262,8260
100895,77514,172,4332
66925,60411,345,2905
113673,29770,150,2071
106235,35072,1691,2686
98310,39039,15662,300
143167,62582,194,224
103890,20402,701,166
45417,27616,552,1721
134076,32424,1716,73
192072,43669,1568,2307
109430,45672,464,268
75590,30758,10518,469
104680,62228,798,11524
105556,24778,3744,78
167535,43632,1143,5122
114721,30391,1022,198
85663,20116,183,407
112253,46041,705,12151
125309,21122,366,61
81919,55370,254,4591
103024,22982,7616,3844
93728,65786,3423,59
88967,34222,416,128
140618,41668,314,5597
87779,47213,7150,867
83477,26328,11870,156
103298,46065,24854,112
137634,43841,824,293
123065,29599,7333,56
117484,35517,7851,118
142561,17344,403,5236
72021,22753,9816,191
69588,55772,3375,214
61486,45842,264,3023
111725,53294,24470,2183
83169,63912,12569,338
71101,25968,632,303
106694,44313,18385,149
118073,37707,902,84
123561,43674,958,3320
63676,57572,60081,971
97317,44483,690,227
161116,43121,881,66
107450,25056,219,2985
75717,32128,715,3578
83304,111338,249,111
109280,21014,624,111
93932,49790,400,1865
114009,22645,942,47
68891,76337,588,118
81004,67141,586,312
96796,40714,1324,88
118022,73315,11148,376
90747,33751,1053,110
108732,58791,410,99
98656,59939,888,119
87498,39226,367,297
74038,38259,342,5810
75422,33546,3306,2148
137627,32131,239,328
125650,44408,3894,269
91631,83822,24567,1686
96093,31382,357,3436
96516,36894,10484,5168
138927,50929,1390,2965
80622,26821,402,4309
72363,33778,13748,302
116791,35073,1700,244
113451,48491,581,4886
91950,59946,607,1761
174988,50519,934,180
86578,43008,333,141
99284,63173,366,58
131020,59020,1328,8303
116403,33746,17515,499
128094,37295,170,5303
141618,28633,44537,147
84544,48217,384,2549
133945,46881,934,128
73794,43140,14814,270
97005,27031,118,140
186078,30298,19629,309
111350,29110,6374,5118
107593,48026,341,8222
88309,52725,535,198
75137,47005,10828,2159
106641,45767,336,205
62071,67949,851,365
104858,50331,290,45
75184,22191,270,78
99034,32515,536,233
139041,63487,2009,263
90733,21932,331,2243
135354,35128,522,2367
81676,52140,502,1582
130281,59306,2542,9411
171187,35025,693,169
76617,24503,441,5276
120357,52550,279,1281
98472,68515,1499,190
83178,63794,1525,482
104583,37559,259,12416
70485,43131,24675,288
80103,62738,162,789
91855,32721,986,2523
112724,34767,801,71
83682,57111,1326,3916
97705,60075,11205,681
73036,63789,1821,4125
113199,37899,1392,6879
64650,37984,1755,210
92255,33755,10635,3186
82709,43374,1254,72
112973,23198,895,4200
79062,35867,1453,2378
69373,28854,239,328
142212,33541,1580,3172
122200,15395,12758,185
91175,38743,219,238
110594,44352,1152,122
108432,39710,2468,197
90069,20707,16589,528
57030,48265,2388,52
122967,42641,222,68
108423,32186,53941,100
134571,30420,3218,8364
103391,28374,1144,2711
130337,40616,1034,121
55465,39829,728,2144
133411,33367,1284,4684
104952,48262,2248,66
69235,21984,1475,1435
62090,47931,14911,505
121177,76965,356,243
73659,24708,498,172
111792,32945,1699,342
103177,37371,3548,129
100986,26080,1425,807
178613,64238,540,42
87657,36239,1096,2528
102740,27927,325,75
96796,33094,3171,8181
150193,12502,1279,9722
113047,36338,31243,2523
140370,89418,20791,116
97406,29291,923,100
97559,93041,1888,342
99842,94603,1530,5434
108725,21779,2907,106
101776,26736,950,120
104279,45817,291,221
82446,27961,19973,2310
94502,101880,1029,6465
139568,35549,265,5102
93201,64183,536,155
104879,24446,1103,46
67822,55114,532,2204
107672,80231,140,2408
150511,28251,456,4205
100267,70309,150,241
91538,22563,990,3725
70633,38356,934,2918
103600,44147,1059,407
141178,83414,381,154
52697,50829,937,301
70028,22243,1425,1685
106813,53436,1769,6320
129334,43676,2337,103
131528,58784,13040,31
87358,28905,4192,6278
118647,49725,988,2820
127191,38559,2250,207
87875,57666,2167,1116
98392,50671,715,4704
111953,50621,261,474
87853,31024,2348,123
76192,56002,5362,2668
87732,73354,12351,529
118487,49594,14727,132
94077,31816,519,203
98053,31206,952,1911
81318,21790,21622,4447
118863,33174,14759,214
128810,33148,1593,182
76566,44289,376,3315
126257,52545,4353,3225
142530,30360,11586,6806
92855,39948,291,269
140643,46326,64,453
69812,51303,204,142
82970,27049,447,3031
163070,71420,240,82
108193,55869,3125,99
143752,29648,555,1069
125427,20683,54295,85
124641,91892,594,189
157636,34472,22729,3975
81098,32890,246,199
103188,36207,1001,6845
52707,47807,125,55
107661,41875,977,9100
76766,43758,15391,3831
80178,71692,496,163
136535,45342,1108,4982
100730,45217,968,1357
89877,31171,349,99
159910,46037,6138,256
97570,34333,535,163
81546,32084,33096,120
202870,11374,21866,203
114233,34925,9111,4756
64080,45919,933,193
114046,44505,547,49
79615,53486,589,146
138500,65239,724,2895
77189,37945,16913,2615
66011,20310,70,18223
113452,44090,1265,238
134497,62263,837,97
98791,46054,349,92
150707,79870,226,3389
122152,85227,39344,204
90183,47641,622,1846
87368,48263,1168,6861
96609,25219,3126,1473
109860,63333,748,9028
98461,32207,31371,135
133712,39339,300,146
86034,19301,22014,2213
99041,30626,20624,7989
101093,19911,1711,1898
81024,28648,1561,3856
139460,53549,283,215
77716,24712,447,8824
86968,43869,256,140
76269,36191,33638,96
109782,43645,329,207
78359,37536,28338,346
89733,83320,260,2213
73982,62309,494,65
86152,47729,16713,409
114681,61391,1449,2181
150053,14259,14536,6883
77873,45077,2857,89
101144,29743,87522,478
110726,18686,991,8772
84342,28221,632,80
88739,39021,821,7793
141938,25512,1551,83
122441,53093,1484,81
113262,30456,24213,4178
129063,37229,32514,4231
84484,47797,485,143
145303,54167,151,5070
114842,51509,262,100
105524,38092,738,5349
87265,18027,1477,3700
103814,38963,11214,54
80407,66822,767,7520
138682,38184,378,3483
92284,50052,910,5022
144497,51807,216,258
123326,63250,12200,87
74420,92148,448,119
46083,33850,955,6236
120798,54383,171,615
121016,68649,689,4212
102920,117311,1308,1662
122651,45031,16351,155
68419,34658,244,5844
124833,19717,260,90
146636,31879,53347,3646
90831,38914,118,1230
95605,47038,14640,254
100984,42919,460,3968
88614,43235,9333,2706
132715,25593,687,228
57282,26020,14632,4481
213147,45939,400,95
60468,33344,299,43
89674,51873,866,276
135230,99929,522,80
92674,32284,2624,247
140566,35813,50074,585
113299,20587,235,30
144997,34353,82,76
116518,44423,28845,2063
167918,61062,791,7734
71228,31957,3868,131
89040,36844,21729,402
63136,46491,1021,6655
78308,76294,7753,5143
101266,34698,275,3080
89299,54740,10686,60
93988,47134,592,102
80143,42374,433,186
106547,30542,6844,5658
71463,56150,194,6435
100834,32580,248,1995
93831,34308,632,5639
94994,53681,36620,107
101871,62156,8008,10057
91887,40588,11729,37
188713,24634,1024,378
111635,80652,236,146
75073,60629,5596,511
94769,36782,798,2946
115289,38457,631,61
82832,67387,3870,8583
76648,44863,8795,541
119661,41195,467,590
117956,50860,16619,352
117250,37629,17163,4308
58348,19146,12891,236
109004,37759,1747,44
143430,19440,887,95
146542,40197,194,331
132184,52814,796,107
116359,24302,248,2389
111022,44027,1011,3889
117805,29474,714,30
136356,64247,10230,6062
100534,20241,774,7311
78256,18739,278,1982
93960,44481,89,4539
128871,43834,55629,228
71774,80660,8910,112
81019,50462,1050,180
109510,46404,621,1737
90260,46051,7083,3213
92455,24792,321,873
99597,20700,9406,396
128294,64679,835,210
79982,33831,517,3172
105590,51757,401,3111
86602,60659,579,18950
82824,33856,260,214
84157,43260,635,937
114730,27232,6578,35
75188,66852,1249,148
93333,39322,251,311
112875,67812,9120,5886
102023,27156,58239,363
93727,23411,971,1123
130553,16466,3572,302
94767,65295,175,1033
73799,53384,13622,128
121348,57528,1068,3135
109697,33210,20134,16659
114505,53494,1118,363
93817,69789,1069,72
84610,58194,5422,134
101955,26341,697,256
72256,80682,944,174
124622,81156,665,33
90859,16093,453,2451
125069,25536,346,2137
64750,57199,456,9439
69671,23522,656,4273
78098,28763,484,2685
123775,41950,28648,40
72079,45196,11431,321
171770,33428,849,464
76341,53123,205,3651
97452,58974,1541,6507
89712,32120,2557,6904
76719,35716,2691,2730
101954,22391,824,117
91530,26190,154,138
130825,18730,5116,278
52880,38617,992,4467
61643,25461,397,95
155237,22787,1414,6635
138194,22505,288,167
66475,30287,205,250
68291,38148,110197,112
95739,27334,13094,2049
87923,27799,551,2898
126543,58634,178,1871
188123,22140,1234,4718
84345,23643,665,86
49313,30184,607,3815
135260,37290,8733,575
92042,20166,553,153
94043,23951,1193,115
148645,40407,297,4787
138640,38856,415,4454
72931,43139,1459,198
118231,22877,943,3314
97546,88399,3523,262
90552,27666,294,107
95293,30976,621,159
80915,31477,21363,412
80566,73233,1086,277
100328,16039,758,4933
104100,81597,150,209
141112,38523,31408,3985
92870,31525,1561,104
136360,46658,621,2152
72509,42766,1333,98
122583,79963,3027,122
106319,39286,9786,1712
86293,20588,557,186
80348,34304,670,279
116020,48470,312,3701
72264,49312,1028,10483
71002,39960,1365,90
87910,44518,1946,246
53829,51567,614,5801
137710,42035,741,67
84232,30762,571,195
149788,26983,2468,1495
62980,36458,1138,13155
100480,36263,908,73
113228,48667,2445,3050
93954,64815,919,2568
157689,30672,19668,107
128075,28098,426,12089
118527,51780,17781,242
133393,37922,70132,301
137420,62637,1650,379
86747,35657,475,1790
93845,28396,12340,2505
94139,70102,180,2686
161290,36225,3922,140
121498,15233,471,8312
76944,26831,2278,236
101044,23601,568,94
92698,43163,151,8881
62472,34974,720,79
114463,86947,580,790
120801,25015,213,3942
173297,28874,145,212
111509,34102,1280,4409
79923,45445,597,560
94139,47577,8262,75
90680,21384,1514,4200
88265,29848,483,252
99361,50815,727,6645
72448,55985,16553,5066
91352,42575,365,4743
106799,43321,1904,83
135108,63299,10751,4098
69089,40540,13870,5927
123481,39044,286,139
76614,29114,6887,97
111277,82813,1299,2496
68542,82295,1202,5460
165953,41510,469,2987
140636,29427,16509,216
99321,48621,382,190
78652,26250,1912,1296
73052,53902,8335,133
86485,36407,3022,2191
96622,65250,724,204
63728,37382,521,138
108259,28990,325,164
147773,45486,5708,13416
69262,37739,1558,94
101125,67171,2673,306
94449,49104,1932,314
73689,27444,709,4145
87240,19955,449,2862
89124,35447,219,182
44403,42996,448,4444
146124,32762,7842,318
74243,44685,351,102
109782,21571,83904,3460
112474,31469,644,972
62503,52518,29789,2921
97996,45348,1345,1372
101190,87874,75,2749
106906,40738,274,4626
137106,44881,561,120
86814,40157,455,5694
65079,25257,241,7246
103695,21844,739,3921
132624,36040,252,148
117472,45467,2165,310
73979,60659,10643,1923
158170,55130,59128,1899
72283,32868,1265,133
113950,49376,186,311
74208,63211,656,383
69784,38560,1215,1163
104672,33774,1717,3151
90412,45331,163,3299
51288,45091,166,7218
103920,37967,605,230
116066,37375,146,4079
99750,35598,4294,3316
145698,49520,7698,159
65998,36980,14954,206
111151,45840,98,86
74701,61741,252,2502
68423,28986,655,187
67741,23904,9790,101
81536,38309,140,2432
145814,38387,19644,128
75144,60688,597,3001
103651,52277,566,165
73794,20108,21207,5733
70234,18511,4009,47
128968,37266,2230,211
93732,60427,8098,170
148641,53223,17179,108
69925,50500,698,230
76709,65178,60,416
81849,52714,265,35
77771,49938,328,263
83808,49457,4591,4651
60605,36873,592,236
135764,25175,2015,4123
99395,33199,7184,12650
102885,73730,1264,7400
115386,48800,6784,67
87359,64400,697,6019
135867,30848,739,4841
65247,47205,450,1290
68831,35902,516,1955
71585,52159,11588,3891
113110,29919,43791,190
110391,23546,1246,224
161289,54974,20475,3922
110848,41278,249,2578
106742,21149,468,728
110995,92233,902,4856
136876,38115,954,253
115120,46003,9254,5761
95665,27451,411,320
107292,32802,16794,86
58015,49441,457,6735
133939,29239,690,8174
111210,75013,636,94
56798,34691,422,6799
103705,29774,1033,2139
94995,34787,7391,3529
74233,39868,2841,2642
79674,45232,359,7817
117082,46787,312,842
144811,41828,384,8183
136137,56087,888,337
78319,28188,563,8503
100042,39135,206,249
86255,40926,128,448
85219,21322,975,1997
119966,70331,341,46
85066,58453,12165,1765
107079,54221,1268,2579
103911,43444,1627,110
128126,41531,6314,63
107264,24892,1079,150
99407,47301,1670,78
115284,57285,486,336
103227,38982,16608,309
116121,95505,6167,258
116758,47761,18744,11646
117515,50128,2664,6613
52303,39527,28121,3426
131257,48298,1633,8214
100721,21517,17277,567
101680,54345,1046,4457
96305,40123,206,5038
105212,28279,32514,76
121765,28588,10961,3014
104456,48444,6033,3022
121439,93693,1030,4204
85537,126754,884,152
111716,46245,967,102
76628,61177,752,678
72009,67463,4698,413
99373,39625,378,86
156532,59007,727,2842
105618,86027,856,12107
94406,66925,954,63
87324,37289,727,5225
95926,54650,557,3091
110654,17854,1683,119
96820,72933,870,429
114664,30664,388,83
168691,50775,466,99
73580,24889,1522,129
173909,91664,853,43
86338,41547,11736,7074
100978,60503,14273,9943
145935,18809,126,4450
125491,34875,968,3161
113184,50250,48099,4097
86975,46254,214,752
155503,65568,574,2419
132237,45209,1141,72
78076,25430,1768,1987
118759,30596,314,448
68387,40329,1451,4264
178042,38430,2878,6452
100709,31698,471,11029
97476,63036,758,6574
147526,57211,1194,157
83054,31881,347,1383
67574,47313,1135,119
59467,45892,678,6229
103226,42065,545,268
87749,32598,652,158
100328,35892,9965,36
107197,39230,1373,86
179472,37730,31858,3561
68119,38053,1282,90
102684,47333,357,145
50847,85132,814,6945
97778,100869,634,172
81483,73420,2106,59
68873,61386,398,160
113339,33399,762,400
89702,22680,1261,56
147771,38537,4749,1081
69430,51109,1693,9131
140609,59697,219,8359
82227,20170,2746,5823
100601,77234,17333,190
143019,20616,13056,177
101167,29159,129,6681
78824,21827,47288,8119
120913,33915,1267,269
62767,34638,480,218
113378,51084,562,271
137221,21425,1904,4219
91297,23507,772,126
76152,89978,1346,2464
60138,30755,2466,194
115609,51236,6365,3142
117061,50402,18264,202
79961,26231,74,401
111034,26371,11912,4620
127011,27970,659,5142
48558,49464,2031,47
117634,19331,906,8110
64125,34927,741,71
109018,43112,497,2021
75093,62636,5691,203
79639,62125,183,80
79777,34997,353,279
106875,38060,454,377
131900,26596,175,5617
123999,44538,1399,3750
75551,34495,470,5900
98990,63761,6285,2563
116704,49322,13732,3902
103287,46078,352,7881
121649,47626,749,412
61914,32890,550,2781
111227,34260,681,306
87881,51054,1088,126
85636,31870,343,2495
89518,52501,773,4676
125725,24940,185,514
107116,59369,1124,7086
86561,79796,923,148
81531,25171,241,3673
73545,22476,99,40
115713,39506,12572,5248
143230,27264,25333,1919
94262,64505,738,27
73977,37870,1599,49
54723,31888,935,612
60784,34000,779,3415
132332,35367,1395,107
70583,42404,531,3514
124023,40835,825,2799
85662,39199,1145,4535
119490,21875,1963,4606
63579,16626,19285,1804
109344,34385,4262,1989
84612,42308,337,4467
95280,42077,28929,988
96787,31086,310,2884
94623,35963,443,12612
63761,41014,202,1600
114981,58068,502,5228
59754,20714,170,54
143778,83273,11191,106
83603,55751,485,450
178890,57651,840,176
69417,20042,1192,2301
134045,50735,681,4634
101497,29971,632,187
63504,61796,1106,3066
87376,44688,402,172
160257,25107,1217,55
95385,45107,1034,2798
104585,30824,20620,5233
85101,44400,227,85
85371,72230,341,51
66256,47154,799,5397
96245,42799,5307,2770
86046,69510,93509,178
112183,32773,169,3132
76878,25768,585,2185
91490,26206,8841,204
119128,18347,566,85
119790,23639,182,3225
120391,44850,308,491
109504,123667,263,2798
68211,25681,601,165
90225,68907,1275,319
70269,37110,11525,426
95807,23491,796,102
97453,29921,1222,2179
141158,47260,1563,182
86971,111327,19061,159
100923,32365,1010,5259
92017,34959,428,32
111158,40760,1094,47
90580,71167,654,2684
47374,40856,461,1599
85484,32361,720,93
56321,76372,1750,65
104840,36660,560,2288
105528,25769,17339,435
72673,28266,998,467
79730,33829,780,98
114727,50810,584,4019
124181,50790,1170,4455
100227,74286,1600,2090
101837,76809,9055,275
69436,45344,751,58
114197,45569,22942,64
129553,34488,728,400
84708,30214,374,155
84772,58041,189,5403
88268,50955,2330,186
97585,21112,1440,4779
80042,49791,1056,4061
143101,49265,1790,141
97225,56016,2008,5424
91566,40281,747,195
64101,34523,232,3584
178889,40064,339,92
74825,21289,27105,8323
124891,47464,748,277
69790,66913,3971,4155
75999,29686,456,44
61223,35927,969,3543
206909,39260,271,2876
104432,16657,1130,6428
102350,26295,16390,133
116088,77263,1251,4092
81162,32116,161,271
127370,61323,751,2626
101259,28706,8229,195
104864,38763,5458,45
119456,21035,22341,77
43528,57276,633,289
111469,18041,385,230
117274,60990,6426,13173
179105,25445,1198,833
153159,31040,324,9578
72049,33564,441,141
142651,27309,5771,291
136566,27197,715,272
81095,52380,319,86
141260,31569,1062,3085
104277,19184,12598,2474
70036,66792,32396,101
115372,70060,209,4224
134546,21382,695,11077
212510,38590,220,7688
110204,67446,594,121
140080,43998,220,162
88973,42132,512,1184
74147,86780,442,73
96925,21460,283,4393
100902,67647,193,56
81196,61317,577,5658
85380,26188,1908,105
101136,45077,788,1847
76655,17523,443,456
117464,58660,18333,3641
132175,52701,420,232
85378,47550,44705,29
109133,44526,604,170
110307,29595,789,5011
73673,43381,137,340
156654,30713,1214,154
106542,36238,136,352
99172,25106,6649,132
104407,43409,1239,2213
114734,18605,724,277
101193,20295,74,395
175810,30526,1275,2941
103427,41256,1171,104
112290,45163,466,3346
73579,19071,42486,188
146881,22010,236,2064
72000,52143,919,11911
129846,79286,632,12580
90338,28027,405,2455
106776,26370,1257,183
132676,38550,1595,146
106984,15695,31743,15177
101188,43042,571,199
133034,61181,691,169
91045,94033,11246,10448
124275,36304,270,410
76084,50116,37132,1858
109872,34675,829,571
87266,37466,15529,4280
141147,34386,801,6997
92017,42416,366,100
130119,44298,38420,178
49742,52049,599,3835
84652,103035,1093,38
102525,39467,381,187
60403,27049,1590,117
79849,51896,607,324
74921,84561,1277,403
122197,32614,908,11234
98077,63460,9409,416
102594,41692,344,3311
217498,33387,572,134
76461,25560,1437,153
124619,36320,1825,4132
75989,40520,768,183
112026,36966,453,1528
143547,28522,932,5520
127542,41212,424,4351
76561,44385,779,4281
87162,23666,435,104
109693,82641,905,3900
112157,25928,146,2858
134389,69574,142,134
62152,36402,254,4324
105777,58032,703,4164
187081,13842,617,9134
110872,36655,28573,4886
199442,53905,356,7139
122977,34074,678,5219
99868,50201,13435,518
62828,35702,23125,350
76930,65597,14088,3331
103543,42631,16147,4280
173084,34358,1090,197
68958,35417,445,7640
145586,28107,169,284
119711,34612,396,90
116208,42041,740,4740
128084,50986,38553,86
160277,31109,892,5429
80449,27565,7143,465
101359,35159,6267,235
81002,43854,171,204
90405,31274,280,156
72535,46405,409,1965
68082,44334,676,116
128790,52446,417,128
91112,15283,387,327
119258,56171,9823,6110
142652,23814,942,59
84774,38234,45405,305
83107,95655,320,108
96232,15572,338,76
162163,35245,1781,1314
146351,40897,384,2123
116995,37107,629,2844
129203,54016,754,93
125185,65129,371,254
83467,53503,165,257
114166,49490,109,2505
102981,35481,1516,142
126794,34800,1037,215
170324,71472,45200,7225
61855,34463,701,5851
73269,46318,13039,189
86951,38454,429,74
79210,53232,8816,2121
154385,49439,484,11988
115975,38816,859,1903
109328,28600,56926,114
76838,58870,779,80
96396,52351,20920,1209
120557,31514,293,12351
124467,64745,256,4250
130996,74026,689,250
96162,36153,772,131
139976,52138,22522,349
89098,84541,1568,366
134507,42413,322,79
95346,51271,1164,133
112132,22694,499,4650
110316,29044,14551,1289
103457,58385,243,108
81607,25695,33044,4856
129551,54095,1105,278
119354,107021,33478,96
96389,23154,206,167
94484,29666,3129,3224
99155,20178,965,2879
105103,27241,1181,228
99600,63672,856,261
86792,15729,43468,1099
95381,71247,3468,167
193699,19729,479,109
83972,17586,6519,210
121212,24260,13322,79
76307,57657,665,8106
69123,63577,453,180
153489,38285,310,9062
65812,45028,399,4214
90864,21555,1435,116
133053,45275,416,128
98955,55672,697,73
65927,37102,917,167
69853,75427,17127,4257
142779,36094,837,1695
94190,34728,232,4027
114964,28899,196,127
90651,71928,1156,83
84778,73091,13583,3287
91580,36902,25919,299
77715,62847,326,429
149878,28275,2503,51
128325,50714,1080,4881
78986,62347,15454,400
60677,42281,6051,213
62779,29215,51575,1933
90230,38517,1860,226
113660,24450,908,201
128364,45280,501,1181
123509,29889,759,2896
73101,61021,24183,127
56794,44836,274,123
103572,25163,607,130
87010,59906,702,444
89402,36147,16483,8562
96289,30853,188,150
154091,47381,1007,3198
98602,62360,11852,4257
84263,47340,1856,56
58320,23958,105,19
107522,39318,250,3712
71501,31112,239,76
158350,31617,708,334
87454,41232,712,94
98714,30632,7920,2541
103140,82452,1774,402
110948,23043,9592,135
94714,28349,398,12645
94972,24243,272,5035
115579,57755,2634,132
99144,88566,2617,107
117003,18009,17273,60
73988,27664,1060,3206
68323,37408,383,3798
86220,97355,16319,4720
132939,25304,11081,61
121277,36317,304,53
62170,33899,27884,1382
140399,37205,306,234
119407,47638,321,108
117275,27706,4144,5436
105697,27652,819,11344
113223,22846,606,40
147058,25130,9562,13071
91569,36912,1306,46
87100,32780,1025,5795
104333,31145,2706,2189
98949,47588,504,4927
120336,39285,2667,3938
113927,44650,1079,9065
92998,27690,521,1901
85361,71721,1130,4625
104483,28272,827,11851
85276,48944,506,213
158384,29479,1477,58
103074,96403,239,1114
101849,41735,482,164
122504,27602,173,3853
122531,72608,22316,412
77545,95585,311,19
139194,21340,845,188
149766,108919,1639,6308
115823,51333,507,103
77616,76299,1107,19478
93163,25057,104,9240
69733,58434,534,115
139795,48436,15371,159
85197,22626,42511,253
67156,22870,210,135
91054,11766,526,138
68897,40186,458,165
107206,23555,1619,6960
144047,41232,185,131
68315,59447,1057,44
133744,33317,144,881
97991,64734,583,2004
86750,58870,1758,2414
124156,60885,25716,163
111356,73486,306,8150
118313,26559,317,249
72653,42600,970,81
96978,72475,168,5416
100333,18307,102,462
112060,70131,2825,150
67263,25481,838,5699
85197,32860,2603,186
78256,49319,192,10212
94709,62369,999,4405
96098,47735,850,4342
132946,36897,540,2907
128015,21476,522,30
116666,44175,533,6128
70840,39494,450,315
69414,40852,492,4537
100066,46651,652,364
105162,39622,151,12478
103708,32621,16413,58
146389,44633,1259,107
59455,27111,1457,18807
95074,26682,25651,161
82580,32480,63130,47
113504,54685,15920,6297
130155,33964,860,73
81988,27349,247,2286
81509,77254,1661,3970
120656,42828,194,88
68302,23491,366,168
97225,35582,2130,2746
90680,57162,43496,7189
106322,42510,27582,332
120696,34155,344,73
52030,67254,823,74
108360,25298,1972,476
91514,65053,282,531
76882,17587,174,58
178211,37879,1929,3888
68019,20256,501,225
93859,55415,740,3880
95597,19328,7754,164
118452,32793,180,174
66342,40751,435,260
86328,47848,890,3449
126180,88333,359,533
99866,60662,659,13714
159782,48365,9117,2721
144811,40474,1463,130
72618,51746,9599,6890
140912,103890,1285,730
75631,48820,2045,11224
98361,30887,661,318
100755,53299,293,2533
125400,42410,299,3269
72083,37327,27807,3862
112394,70127,11019,337
110826,47057,482,1407
119534,72330,2641,2254
145902,28268,224,113
134350,31065,1483,4597
117463,52299,12290,199
84164,38789,441,103
60205,32938,4517,334
104197,51648,18811,1904
134185,41237,1084,4591
95979,44850,378,101
74634,32423,768,51
108823,49458,111,4991
101943,32264,14842,1485
75524,73497,376,275
80817,29463,281,1694
52308,42780,998,366
130603,36601,6648,123
112933,31345,328,4274
81184,38322,696,211
139601,22720,14365,2092
95293,43927,740,4996
47205,49324,346,186
77046,64082,397,97
49263,23443,12683,3334
59494,25596,2094,40
93234,44156,2520,62
62769,22506,183,278
211820,24539,679,200
92772,37543,1150,258
130559,21266,13539,349
57777,27935,798,2048
109525,22180,4046,189
106501,41521,10059,145
111224,17131,289,185
102312,94156,610,293
131910,34426,21391,191
96954,79373,1258,181
119900,47673,312,1937
101942,31005,365,2852
160329,47782,17589,19714
93159,48411,12474,1473
119029,77012,1287,230
105332,69611,264,1655
100288,19888,14016,10960
110240,28362,11133,379
120047,20087,779,165
66394,45959,12628,10293
71316,30486,13916,120
87564,54184,456,7301
151073,50399,501,313
98939,51971,788,155
103477,57737,538,148
88620,39201,99,119
249144,65521,1322,111
94343,45941,469,190
120924,70805,286,548
81743,22452,242,2750
116112,24426,219,140
61469,56243,398,5840
73553,77345,577,82
123656,54447,3178,121
204143,39736,124,128
129442,17626,423,5411
128334,56432,699,7525
86326,72260,1184,5767
113387,37885,931,180
126930,53303,1207,342
90227,53079,6141,305
81735,45858,11533,3078
82884,29666,12638,3597
127839,61965,422,92
124864,33616,195,218
108510,63207,5870,5134
80054,40440,301,4511
66327,32251,117,83
117607,42552,2112,2603
187201,46943,37475,2446
129500,40185,440,5330
85917,29811,573,253
79698,20711,167,209
152086,21325,877,200
115657,48948,797,386
73121,52757,770,234
103715,55612,7696,1604
66066,61601,1508,113
108180,27701,148,8228
97994,35113,8495,59
66253,49539,225,129
111591,31338,687,248
93753,27989,254,308
117604,71285,2547,128
124540,46894,241,71
118330,68787,100,6131
64107,44629,12127,9263
74498,96676,968,348
97712,69881,93,3636
92454,68632,15773,4509
55919,32242,134,338
113377,51444,35899,114
101772,40533,762,3225
121150,21727,716,6979
73876,33910,442,7550
167451,34577,7015,348
72546,45459,118,3688
93552,19405,889,147
95291,34270,348,3080
124877,37904,255,183
86255,44507,1086,64
136887,37002,374,3385
67598,35054,232,93
80735,26200,831,3049
92670,45146,681,33
67696,20944,1007,3816
104108,31758,125,4710
75429,48570,30173,3965
137396,17973,115,1440
227802,51244,55700,218
156750,31082,15788,4430
107625,34916,31910,111
202106,44258,256,101
204896,33463,3367,2351
73083,91514,299,4107
91257,78091,1322,159
124979,101747,9295,3025
100084,87845,1098,5371
96299,40933,355,59
66322,14979,16455,216
173709,68556,542,476
72389,71239,206,1896
75935,32491,725,116
100766,86796,4855,143
166061,26344,269,2062
88091,44383,59750,8380
91752,26695,16639,3440
92293,19126,1347,88
130043,21030,503,2987
123981,105892,8280,23
95514,35365,673,136
60601,40710,21162,14017
169372,79378,1167,95
80955,33218,9101,14910
85169,37430,444,15302
72849,36882,738,58
130646,56813,1857,2143
84673,35053,355,4954
87525,27242,514,2298
55974,19550,367,759
88158,40506,697,3338
97797,34088,168,351
102613,54335,796,70
63941,89237,13962,273
128383,21927,377,510
123314,44203,11756,89
94436,30138,1020,9644
124447,23034,801,62
76129,36587,477,149
108469,25119,1621,188
112923,105251,513,544
101568,52652,1175,5822
115471,36310,550,60
72814,45245,1324,259
82468,14498,545,4598
102007,39087,1483,303
161557,48802,21780,93
124796,42443,569,5626
103846,34265,354,150
109499,15861,486,294
89693,14647,6701,237
93004,44383,2535,5785
78731,31724,18652,2701
111514,42550,190,280
215023,57570,422,10301
212204,29142,32927,229
154585,69932,302,2809
77799,34380,14223,106
97009,38390,213,58
119904,52446,473,117
120933,62828,191,2994
93460,14699,402,189
103475,27360,460,6130
133336,24612,207,101
143716,28263,1499,159
74478,46391,477,204
138670,48280,13767,242
83210,32259,702,83
95986,56171,889,420
75579,27011,1218,279
136235,43000,414,2517
110034,40719,12810,1438
127094,41871,362,14625
128174,28647,2424,3182
144304,76988,14192,115
88376,35631,631,135
103019,95404,4420,215
137898,64416,356,4307
103006,33750,594,4612
186733,49224,209,422
119762,27017,1154,197
84967,36164,699,4853
74610,32789,557,105
88377,40058,702,202
131618,57479,3842,3162
86378,31700,534,2846
60280,66355,2079,567
110615,42482,861,3247
62235,35972,843,4971
84595,42775,665,191
141146,36683,6532,6302
135808,28382,235,8584
108653,39844,367,146
132543,44216,440,52
150129,61147,69006,4666
89458,47329,758,334
76021,33823,882,202
107461,57230,18971,506
118035,71961,1389,564
142394,25012,830,5264
117254,36454,24473,5371
138691,52228,11297,74
139774,43613,37058,344
74663,32559,830,2863
164843,18683,229,3908
64452,26069,912,1291
169619,235019,789,2647
96540,31531,5947,1355
96667,39749,323,2386
79304,37655,184,6314
81685,36480,479,72
88594,54280,144,186
94727,25890,182,3432
53862,13117,1844,4593
85418,22905,1161,3633
193681,21911,25160,12559
71962,55153,312,334
111564,27592,326,5279
184541,30364,18770,7809
67224,38434,390,29
122962,30054,164,4830
113085,46242,1321,2530
189565,15596,615,1227
114873,37179,9097,89
123079,30009,448,3859
111545,45489,79,1992
69597,12684,538,256
90519,59674,1134,101
102506,51989,146,142
46658,24437,9741,5291
97081,60721,674,6427
108840,25678,777,5943
79705,47433,931,147
124422,47905,24161,1161
85234,39110,1175,3850
137011,33936,13725,376
97249,29933,300,3731
98459,68893,45457,232
92835,45635,25445,246
121832,46597,892,343
92334,37906,466,14688
96982,22960,1347,121
112647,41031,430,6467
99616,50454,16679,393
142476,30727,666,960
94504,38386,235,4822
50705,61734,409,126
66379,31330,467,49
81789,24241,18802,109
119620,35542,939,3842
151170,60434,6797,209
171003,54676,6924,180
110758,48884,952,4526
92688,39064,685,2002
83054,24448,3030,78
202873,35995,911,201
80953,38982,1604,3022
123997,27847,14937,246
135191,41889,10138,16663
86242,49783,244,112
103543,43234,405,3377
100123,41032,77917,53
112014,47477,9006,3165
136622,29676,706,190
154379,26838,1326,7744
86604,37465,134,110
146400,44216,35804,3529
78049,50727,21690,5068
81192,48924,2038,469
53588,65369,4479,3215
69806,62959,1084,6533
95396,26860,243,5177
142843,52171,326,4387
104880,48167,925,102
100971,42033,17688,6797
83806,50851,24951,113
113436,68922,632,124
156878,50410,690,6338
95951,80996,1368,333
55814,69846,571,164
114669,62147,30023,71
103786,47185,13278,11939
142420,59801,1397,7659
80423,63340,15882,139
115988,39135,617,150
112812,48233,278,9027
164725,23345,610,193
67769,64779,3298,4198
78985,74621,31674,238
165612,38970,420,3647
65151,30024,2576,1275
83448,27888,10660,145
68579,42469,7138,48
117984,90887,1338,161
96815,65658,10387,6179
80996,69720,427,1847
87086,27350,1079,4656
98983,18971,491,2494
84487,50358,7754,352
69428,32733,34327,51
87778,36973,303,45
82892,39889,593,4731
156746,67804,2574,4624
168129,29340,524,514
143965,22911,622,235
118713,69135,2156,205
151603,37322,1185,4993
53422,41912,23624,1906
81509,32363,13321,1439
73681,69250,190,356
119615,17018,901,3091
139220,24759,850,245
107595,25965,22489,7665
108203,46662,2701,121
70671,27852,704,182
105617,35940,14006,2205
60371,27777,6151,8916
113235,83615,921,155
83706,45718,537,9116
60444,54483,11611,2196
175596,98116,2214,65
120085,45155,19780,36
147138,60551,149,8595
133382,31804,10394,258
184350,31037,215,7058
68875,32080,932,3003
95076,53064,16006,6304
100174,48731,595,404
104569,41449,803,298
177100,40418,1338,2094
85402,20037,462,11946
117541,95912,163,12055
88333,49282,37147,35
107097,58413,324,76
83145,41888,619,6996
98695,36812,85,66
78284,43502,384,92
133060,63474,561,173
61645,63570,6655,196
149758,67577,2437,118
122411,33251,45442,6236
132159,33656,291,7336
72397,33815,160,111
129320,83152,12704,3363
124026,38950,9062,1626
89258,30581,227,79
105631,32242,1316,45
102807,44259,3767,151
102500,51850,1032,75
112404,25205,1000,1671
85987,25634,473,61
108500,27944,510,2602
108649,34641,887,3725
170564,40556,850,2218
161417,37809,7492,87
87224,47787,348,7271
97954,61675,1358,1598
145794,35071,721,1770
74386,29828,1318,100
73722,50749,511,3596
61519,32056,100090,51
133304,23809,1172,68
95865,41109,429,4074
64353,50134,155,3834
74447,54885,354,4511
117723,50904,176,63
93294,39934,875,13770
193311,46410,805,86
99698,68615,310,104
112466,22607,428,107
65002,75819,11378,438
89289,34741,2891,35
139510,38763,1102,12157
115288,48418,641,150
55752,23232,2281,107
84158,66166,1352,5096
148084,24530,283,4450
69166,15066,318,11780
114422,34245,1460,155
75789,24142,522,53
143578,72555,462,124
92329,70533,403,220
81050,29836,371,226
102475,22742,4229,159
78743,35329,348,191
104227,71533,899,244
129125,44494,471,4332
78579,21772,959,103
138546,30431,1085,2174
116291,40524,832,3472
80854,82853,15199,3443
90911,49810,220,5441
118746,18783,1892,8497
105315,19386,614,103
47192,30268,323,89
102441,56323,670,5992
156867,23002,458,3691
198371,70803,1048,337
69231,24219,20697,132
112401,31460,581,2354
58459,34033,230,407
102614,35350,1110,3437
149311,26640,792,893
126937,71689,697,2155
136748,35084,23022,66
86395,20507,424,4515
111532,28939,2817,3255
108056,24206,1108,583
103038,53401,6950,1932
94798,45944,2001,93
121267,22818,399,122
87495,34222,907,198
95049,41198,20903,5253
55095,41642,618,56
65651,73281,1057,2543
109382,28572,663,238
66576,80423,759,6766
179237,20557,168,177
68814,37475,461,182
80090,38204,603,8190
62997,46157,389,163
65671,21435,613,153
82367,23176,363,2447
186220,27723,265,537
79609,41560,612,12319
89192,23835,1735,170
103271,56416,723,2488
73679,20031,142,5433
80710,40440,145,79
79283,106132,6763,263
68142,24913,281,137
155412,45070,447,8586
101287,91907,2733,143
104108,70871,364,93
96603,25349,954,4898
76064,26866,13263,145
120099,36095,1346,379
114237,45819,264,225
118774,49092,3172,85
84199,30590,444,50
110844,31852,435,131
92711,36939,26191,4487
100170,22279,10751,2940
60108,38797,5492,192
91945,33238,680,57
170563,35428,803,2761
122885,62178,20639,251
70286,37453,1250,4875
87674,39515,594,593
143740,55500,1002,4126
80722,37831,472,194
101018,76703,293,4035
101016,23828,13784,74
127491,37573,635,1565
139768,93835,177,3410
108929,26643,1159,4895
145957,34549,5497,7665
153190,76044,1170,273
170738,23335,208,115
93870,40551,190,5565
96337,66198,16848,8172
144378,31143,11416,3788
90731,65694,28451,120
80694,40846,184,197
108736,28625,1222,195
107726,52638,2088,146
63212,25830,1566,3609
102058,60239,2331,3345
126175,106060,415,228
52613,28027,480,140
142701,27680,619,4958
112994,27441,240,329
95825,53928,525,2430
126266,54958,907,68
61421,27077,312,3750
114113,64985,1060,3762
106342,29781,329,320
126961,42013,33075,250
104338,35408,830,1376
154969,16244,600,1210
154475,64990,7318,3592
108081,74973,440,7619
61348,65053,837,6254
168319,44357,417,236
145615,32502,158,360
111132,28837,123,6161
65190,59345,31024,5664
92015,33442,309,228
124973,43028,3619,139
98992,20530,290,1952
93229,84624,2596,117
56298,25020,21010,10383
83840,28753,735,5464
156054,52128,18916,353
121103,30548,142,104
99788,23594,355,211
105097,23767,25847,3390
103937,45605,218,249
138214,63464,331,98
125673,62291,158,66
97685,35489,2145,6577
91740,74055,1936,4212
80780,52570,211,1488
96058,72195,13673,14710
122923,33945,148,147
79838,59812,2408,202
92369,30613,567,2233
138092,53460,453,115
56166,30767,30458,227
76859,28877,242,2463
107734,52963,436,456
85035,30321,1193,3214
124700,40240,2776,98
102496,33182,712,127
60022,58172,556,159
110576,41647,447,196
74177,66278,8608,207
96470,51150,9372,172
87506,28734,123,281
142255,20145,4019,2327
74489,39867,763,3876
71825,33835,268,4156
109021,44494,27173,56
122258,97379,417,9648
79482,32954,8510,301
142489,53161,1799,265
92969,24058,606,183
125571,41991,10970,170
107903,25114,7703,1918
111693,15087,1112,211
93397,90882,656,7012
142277,33597,4452,3853
100700,50969,1922,681
134451,58117,538,5285
172620,65749,14633,5697
152257,46346,802,157
79504,19515,1496,219
85202,52874,462,1529
220269,35550,14301,6460
101582,46767,3104,161
75894,41407,199,2338
90261,49485,1144,91
136409,68533,249,220
98176,60003,291,660
93017,51677,510,24120
75114,19031,323,5026
66637,18454,1420,324
91395,69044,7971,382
145351,67684,14056,3952
79510,67384,568,305
117141,83433,206,572
109640,41905,19597,377
91698,50122,358,142
94219,53073,1289,269
132753,56043,494,42
76043,117989,687,10209
131389,35830,571,2652
80194,49837,1185,238
129128,65325,938,1917
88787,14784,1624,636
92761,33469,15572,4254
175472,65273,814,7634
161523,34829,720,1240
113316,32673,497,127
105331,23400,1033,5719
158770,26262,368,5027
93991,61607,16567,364
79409,39774,261,196
115595,24293,352,75
99073,32847,906,102
104190,70193,596,4062
95686,48391,2578,149
119705,48468,574,108
112668,32557,753,8137
117195,80476,22912,290
87394,47273,371,109
96465,27105,354,211
76214,45400,1152,201
121749,51820,879,4337
84368,44471,12388,114
80703,56740,415,133
83188,31455,25894,3891
95650,38615,28960,3662
63934,14612,424,3711
115278,46126,262,211
77935,73318,1339,563
119078,35568,1580,746
88832,29354,1335,10315
145246,18333,336,326
90098,66708,430,3029
96729,19021,268,1659
91118,10061,10946,150
131175,86839,34439,5872
82556,39121,2960,7477
70827,54299,194,51
122907,40472,629,478
161801,36154,391,1430
75564,33130,860,94
132922,34562,263,58
89499,31168,124,3103
90634,14698,993,3206
99811,28406,465,5867
88752,44574,136,1519
91538,82912,1938,1754
131839,31130,310,617
91618,43430,1034,2665
112476,95665,707,5895
85297,31012,421,235
163076,34223,2613,79
127789,39698,806,2098
150348,44007,506,88
99467,28597,2768,228
86815,14864,14844,1294
95847,35622,767,127
70011,50628,1426,4506
103312,31527,6398,337
78858,30469,11852,333
103572,67882,24927,3258
128724,52539,598,3712
116414,41367,3641,2126
113561,29643,6235,191
85512,54392,570,125
119231,30305,527,8283
59273,56733,468,227
80833,29481,454,202
96096,28597,5789,214
85622,42260,4779,115
73521,36544,1612,3152
73244,19712,133,5862
81816,33947,1031,109
99492,61921,1142,6122
119316,41440,378,1923
87569,52729,21144,7413
94239,19197,2016,505
101736,48254,460,1951
70917,42402,377,61
140905,46188,22859,3934
128066,33542,570,2209
105304,46182,1465,354
71600,45012,7522,3683
86271,44506,1405,2819
96606,18105,43165,122
149134,44315,359,3312
144580,51454,227,176
90864,74464,538,165
86381,37511,863,154
134281,67871,368,58
101488,39757,644,37
180781,36381,1052,124
137447,33523,302,4376
116193,45203,2060,4339
73326,128643,36508,2709
88893,51209,1372,3399
132798,32532,17024,167
129279,50887,301,7162
121415,48503,1495,1441
104405,27053,331,12548
82471,52760,316,6722
115477,41049,35771,294
73113,27603,508,50
94542,20856,220,5805
94414,52838,730,99
153729,33506,754,7889
102330,38411,1438,192
100556,51805,1028,74
69446,19385,29560,195
123072,41045,1060,2674
153814,42555,289,190
87047,66321,886,10057
93166,30703,1302,210
123569,52372,420,179
107368,28827,541,9474
161568,37123,401,115
128657,51950,1559,2024
122658,28730,1597,2077
55081,28209,375,1193
106449,37475,698,66
91654,27640,743,4792
86225,27981,509,23213
79698,37480,286,76
73466,48105,716,395
86181,106956,250,141
128260,35919,823,66
101426,32414,1496,98
94985,41243,774,5199
94761,99996,575,19711
161584,19618,1135,2885
96278,63638,1005,128
106200,33618,7134,4130
68329,39250,31082,417
91153,39146,1259,4145
98399,33318,1175,112
135661,75599,1548,10968
91770,38230,778,138
143490,51234,8597,77
166361,50890,520,2337
84234,51291,589,121
88184,66034,335,5818
104378,20886,591,238
98736,57572,736,10505
67793,98350,1613,474
74892,57878,929,4874
147710,48583,400,199
86122,48773,316,3184
112160,53321,5886,2592
112274,36260,899,297
91693,35130,648,239
152327,49781,366,55
89073,46347,432,5638
106122,37385,397,5546
79379,25845,784,280
103514,36369,437,4055
95162,69168,781,125
66139,48043,41266,4021
91885,28901,238,1504
51723,42355,595,212
138362,49443,75,377
153403,63917,401,97
120917,22994,20183,134
82898,29120,1436,3896
78311,46328,1885,37
122059,82845,367,79
170242,53017,213,479
109378,42887,13867,111
112040,22564,112,326
111042,35898,287,2394
46249,22922,971,152
158429,26640,25749,1476
161474,36871,29598,7010
94602,39925,487,42
109878,59158,157,323
54177,51115,16212,75
88376,84445,12237,105
82120,29426,16833,3053
125279,45260,1223,85
71243,33187,545,84
107575,79007,672,250
94999,25828,449,2775
76131,39120,1656,47
142540,29795,1424,8904
64433,37012,294,9591
91716,25538,349,56
79593,33478,749,150
73909,26645,567,9040
108550,36912,9267,4651
86011,25851,2018,174
99986,54061,25793,581
108866,60664,1123,57
91969,52241,686,383
92803,66916,343,7795
128050,46454,666,79
102501,32998,900,195
108863,75733,292,1111
96508,41222,18714,302
57439,20165,1469,6159
93669,25648,183,213
160600,40509,17338,191
81377,29296,2240,2510
115375,93329,501,4550
124889,51364,15207,103
76034,28775,1197,135
129593,24287,857,74
167761,33610,27481,4555
77403,39337,1221,1219
123388,31509,4530,1396
131188,57070,3202,2634
98707,50887,27714,4208
98012,111585,761,4844
83985,74793,456,1267
144043,85248,2388,59
81418,30122,210,248
126359,33007,66,500
85109,78144,20135,88
73192,25731,1305,80
82362,42840,113,3787
89400,68630,312,936
88439,32990,117748,4495
116565,21405,176,7768
136171,29883,1056,664
83741,27199,17826,3449
95145,64580,483,233
56011,17517,13760,3211
102187,70195,22046,143
161598,60294,381,3170
93671,27756,443,4394
87772,39582,542,189
65586,90475,26275,6041
84083,20949,20656,773
79705,54801,31428,3928
98441,61165,862,83
93029,20116,10145,247
117118,20171,628,12851
81376,34794,604,114
129850,44582,21690,8223
68262,22498,715,171
139676,75187,1418,3028
112559,22520,946,1998
96919,40797,434,136
135028,57523,613,4092
81736,43302,1893,3547
108334,50211,6768,91
131362,55974,158,168
138434,39074,490,190
111000,17377,1761,67
103686,51456,1131,535
113531,32566,779,78
127614,25299,190,9487
112221,24284,975,3464
70834,35807,207,297
122954,30663,2439,27
112085,31295,448,138
43997,54727,1089,6379
104586,33491,614,122
109595,47948,2594,5710
100637,55362,16302,132
72906,82242,12068,364
249125,26286,561,178
54995,79091,943,3166
91627,33113,742,130
123016,51851,561,2316
99116,65715,984,3202
102452,61427,897,174
134056,50573,300,5850
78691,17326,837,2713
82978,52709,752,86
77099,33590,806,129
75919,51372,597,186
126736,28412,1837,106
99326,63207,1163,205
96137,52420,341,190
129650,45479,321,6113
71806,49897,17714,32
108478,45128,1495,6801
68598,66445,173,67
66091,48578,996,148
85679,44136,22254,683
105552,54789,230,924
96886,49500,825,3294
79879,16412,9711,4151
99566,30374,1168,3569
97369,56846,218,264
82873,30023,328,8561
106661,27742,395,6305
133199,29473,969,5585
120761,49646,1428,3328
93718,42761,421,127
74238,49662,24165,9893
140677,55209,947,3181
123233,33376,126,204
269166,41195,1053,150
117785,23241,625,6256
60510,60736,29150,5576
101150,54031,19476,152
114108,55771,1619,2380
147686,27150,5360,304
103013,68318,295,250
154775,20046,14256,107
74702,25534,14715,8483
105279,72276,160,10448
141627,31660,24774,135
134637,89594,812,248
116324,35896,4010,556
111227,41533,612,4393
83971,41226,1053,242
63294,41370,266,1661
104331,28545,2106,94
192890,28392,27926,7222
79342,38088,442,2015
59484,44451,246,264
77137,56260,119,18538
56372,95520,859,64
89546,61397,1127,97
138746,34854,211,51
97363,42617,187,2206
141917,32488,128,8265
127301,35177,852,34
151321,34140,39791,418
108646,107805,2696,49
115857,49220,323,1117
167926,21812,142,1842
160115,29637,255,294
92551,21240,3097,8246
104172,25529,558,3746
83579,42568,4171,4822
103718,28898,779,1533
87926,98495,319,4863
112187,42461,275,277
91085,22522,411,141
112700,41843,308,460
82365,38353,390,3418
90362,27865,501,3219
90179,38809,738,2419
111769,32117,1097,9991
80609,40991,458,10244
152831,47260,45152,3538
182544,31518,173,339
121677,21215,13481,90
107886,79906,7443,5801
107432,90987,436,7999
95017,38762,23148,4372
54533,32578,2821,2460
128586,34813,1267,150
91036,17843,692,70
87392,28141,435,196
113908,31695,17394,98
76615,19714,8900,323
120049,101008,1009,193
71115,58719,180,74
79282,46706,830,7517
100661,22510,53334,135
127550,50908,23407,104
115086,26364,539,212
115325,34693,1246,8002
158545,53796,662,212
81818,39041,1480,68
110305,41382,21016,3905
70911,34814,337,105
66536,24088,16431,108
83155,48807,1744,4204
148613,41012,1928,2648
76229,42376,21180,533
100751,33187,762,1701
109838,24548,1053,90
104421,24159,12938,69
83190,63969,435,7102
111770,115869,1909,601
120881,22955,592,1159
94777,28948,322,2260
68753,34341,452,143
93328,32035,1435,703
85078,35413,370,1967
140288,32188,239,136
86426,26971,1116,121
60910,26173,31870,3583
92723,66641,145,214
87049,56803,1275,2265
122739,24105,52,2258
77635,33058,16739,1678
101281,42509,18012,74
98611,61661,2815,140
74802,43532,25865,115
144548,40710,476,2717
145511,49712,1447,5255
83697,55698,145,3900
121759,46974,586,192
104104,21943,386,2263
126825,68516,285,9947
77330,25537,263,90
87522,31678,542,5490
122343,30693,632,96
71991,23671,369,15757
98135,29090,9932,4284
105215,29595,15455,86
96417,25189,249,431
159311,68046,531,15549
112050,51823,21684,1509
117807,52263,279,19052
71931,14866,1266,242
126001,30817,518,469
78084,33181,2663,73
143909,35688,9805,7232
124727,30616,282,220
122692,28997,817,62
55651,47231,491,63
99525,27732,566,598
127846,42904,245,161
109951,48420,2402,66
73759,110432,544,168
114326,65951,916,309
85466,77365,6724,118
102829,57783,14908,356
129890,49772,306,304
103408,48854,311,322
65539,24194,1034,440
89805,55697,719,81
87067,26479,495,4423
94127,17709,28816,430
132046,73570,2106,43
157971,23416,591,9606
117589,38830,479,75
100449,33486,121,2954
114830,63399,9229,226
83002,40776,567,335
83520,49685,2595,214
94202,40425,186,140
138495,32677,270,1524
74551,28285,16592,188
81392,46472,182,156
114295,27777,1362,4144
99143,73247,1097,5095
113366,31901,761,3952
107632,32821,13706,114
203656,31191,484,192
81468,37821,906,84
63667,38602,17711,81
78469,35569,451,2901
157244,35859,16586,269
162048,20918,318,3110
86815,65437,295,85
121119,56252,787,478
94192,93812,590,179
116625,23762,354,66
67943,47209,48136,3343
119527,69822,1039,6989
88208,46077,831,4409
84064,57014,24001,3137
88733,26073,1593,380
114114,42273,858,74
83025,40695,679,8546
72540,51364,15294,1117
105464,50217,1273,146
103879,28709,745,1392
129037,28830,50817,6659
114401,45214,257,48
60126,52167,667,2944
134777,31115,966,4128
117070,22224,1544,215
118889,37893,267,598
70093,69364,13245,320
123626,51260,16073,5389
74741,36216,294,163
69175,44215,237,245
77555,73523,160,784
68273,17280,13681,5468
136725,40346,723,2683
103682,21796,533,258
87366,48248,452,4393
75580,43591,322,142
84486,38806,1026,9605
129070,68197,928,5164
114806,42156,13166,429
101919,12185,427,90
69816,61805,5437,2707
73484,105974,856,6086
79152,45572,1075,152
123389,26164,37173,116
154380,42638,722,245
157698,43174,259,4205
75486,86329,608,193
111404,48917,203,113
109359,31564,1412,5579
145859,47348,153,2871
161320,55843,237,10332
68234,29517,326,2493
106303,41630,1593,179
98510,36125,4386,3493
67257,33407,843,106
91707,66384,173,3752
115716,32740,1785,1664
52045,30363,1616,187
99271,41796,25761,227
86993,64282,187,8348
127917,54350,1352,1747
65943,50696,1107,76
88871,67765,16580,188
112461,24333,19486,61
107830,23110,3269,1875
112738,19194,2511,3634
88866,47014,3955,56
77292,30195,3387,88
135392,23868,1103,60
129651,43875,881,170
97690,51077,492,39
77458,54679,2552,665
92514,20228,1161,3176
206505,38220,386,501
115465,81415,158,214
70557,44341,45619,2698
88395,26229,768,215
95532,30269,100942,5397
86839,45479,533,476
86810,36242,744,402
72259,48463,23671,50
61243,22764,5628,90
88961,29024,661,1374
131114,37913,324,201
79175,51044,2767,102
141292,34415,1196,6430
86259,45137,13274,5745
82955,39011,10563,247
89090,32583,523,295
128641,25362,190,154
117588,26077,2174,8642
76762,64277,1278,201
133837,56072,739,9750
123582,34919,17544,61
69197,37501,291,1862
93879,37749,1225,6815
111831,65190,9220,479
88130,28819,7834,267
103454,24506,1210,158
129441,50247,533,1121
118904,48108,489,283
109176,35102,2222,428
70506,92154,500,146
105116,32071,199,6269
95346,39384,609,6228
66701,59705,7394,201
137031,49998,1153,97
158272,57716,341,7923
113078,67093,1367,3060
96993,30947,18064,342
82611,61715,141,4079
91944,25237,1332,112
123789,38036,939,4416
95231,101051,1837,209
130546,46777,351,4039
111370,44430,572,98
136457,33037,157,53
109307,25929,2938,1508
76933,43841,439,5490
110911,19469,531,6169
139656,42747,550,6696
60403,25953,16266,328
75493,39235,27303,87
116684,65270,59136,3275
122472,34407,408,228
78194,62691,1538,106
80019,29386,756,2301
67341,59200,603,9853
144587,89168,179,208
102554,26699,289,394
112826,52566,631,192
61518,38901,108,15827
107458,30201,517,9552
156090,42579,381,9288
162818,23559,4079,112
126958,28541,639,5932
49967,35047,615,163
82239,47646,373,58
72530,30475,218,3102
99294,38448,4483,125
46928,24849,14335,4894
101529,47948,2221,1302
126412,20695,419,3153
111896,35277,867,146
90889,29945,361,191
72962,47804,439,140
102322,27987,356,128
80192,23003,209,2077
133767,67515,195,4841
90725,53778,19839,54
106430,34659,1177,2801
117588,46302,173,221
90109,44951,173,1155
109188,34030,30556,241
161870,17145,806,2709
64033,54285,158,3246
71200,44945,1609,4694
83265,62148,1625,3039
137458,41853,5595,635
84822,59238,353,487
89834,16445,562,757
76697,61346,26422,13636
107219,42804,730,4157
70524,22935,421,31
241394,19477,21728,392
159011,53105,6614,418
118551,25167,265,113
103439,47056,1360,13383
136029,41723,1413,2094
92163,40401,1095,190
191720,95032,684,81
58636,32672,9818,47
82320,41458,338,1475
74071,37913,281,18235
136165,73278,35476,130
146617,47851,1200,164
82246,66208,17557,11647
88146,38272,305,117
83252,38362,15944,3617
136015,39716,12703,140
114266,45133,284,6922
85113,40876,343,3266
89387,42393,1102,84
114210,29803,35859,48
79199,36573,21773,163
123097,65642,1736,3127
111214,35820,3819,266
99197,42759,661,608
60834,22236,139,59
77610,44479,314,4685
80610,73511,310,2582
102370,39970,13737,1700
118237,34866,312,138
97196,23632,11015,74
87538,41980,605,801
145801,66780,74804,253
98886,15229,13482,3450
129268,23330,7908,4858
69185,43948,636,827
121909,58556,352,3869
84204,60052,779,223
52120,32505,436,4398
121561,51450,861,123
86263,57106,296,951
111219,32794,97,840
57980,38854,2847,190
107414,47158,458,2796
155052,32782,1469,4415
90498,26477,5085,7066
84237,32714,5993,94
162001,51346,5003,405
93033,36326,256,124
110463,38653,191,149
73014,29193,1738,6112
104857,51590,1295,339
112865,58200,2076,30
105662,26672,482,85
92458,56478,721,1884
91368,67742,1146,90
125837,35621,175,205
123531,66401,136,5374
152190,23222,425,2870
95816,30087,682,6801
88975,82902,5203,83
76756,44802,60,4488
83004,68615,1109,165
56918,55922,32006,4306
78119,55398,14147,92
107245,78792,2106,476
99930,29075,1009,3350
109601,41729,1580,680
126147,15234,481,8416
65407,44472,2572,3079
142521,26777,1029,226
98370,28581,15764,83
101143,63514,832,135
110090,40247,231,115
63056,33921,407,160
82911,80503,119,7049
121225,38368,1226,2793
101067,29316,1291,371
89448,115035,25894,177
110442,48606,1183,134
107923,20421,1528,179
108185,48486,110,138
62687,28281,434,90
96673,64890,584,3986
87240,26998,1357,4687
83513,21351,9814,7761
191921,48108,2058,211
117676,62097,4310,3089
82152,39091,382,7002
80305,73654,681,9998
93327,53747,20597,1932
110517,34095,687,137
71932,32511,446,6073
126274,37803,365,4588
65310,45841,494,113
142035,38895,1111,1227
93651,61554,673,2061
96761,31769,37805,3056
77751,39240,910,107
134785,40465,31176,3971
72796,29035,400,3651
98643,65566,608,3475
112976,27275,906,6448
140654,32288,1047,2039
95036,26517,2040,25
81951,45793,869,63
111333,27614,2133,1572
136734,33840,16205,6610
77748,25333,202,86
69950,31835,779,101
146144,48892,641,149
77272,73176,23085,99
126449,27358,815,5025
79330,40496,1611,927
155530,46385,7244,141
140293,30836,641,99
76239,33279,859,198
133359,67320,331,24
77374,53937,3092,311
76525,47987,1210,6030
102092,58372,1352,70
102648,30914,18115,320
96042,69729,545,2013
110920,48995,366,212
83122,43155,338,216
113497,32453,21714,154
96912,42110,901,121
65093,28704,589,2555
131336,65018,283,395
94437,35293,668,199
110468,69150,433,5085
121557,54523,642,146
78601,25558,61185,63
89129,12454,403,167
121212,52856,112,5755
171955,52999,454,103
102445,41567,20420,149
68767,54076,3807,329
99166,22530,365,106
117882,55526,638,69
79804,70690,882,3337
96300,34463,640,7621
60440,37215,1484,269
120808,40400,970,223
99854,33209,907,154
84744,60867,562,70
115560,17260,29803,3404
105202,123885,368,3853
81460,18719,6773,2283
59199,33806,11740,173
124810,62605,14425,230
76149,35517,1997,4526
119486,66347,1275,4173
168560,48011,6166,5236
51446,69508,305,2521
74348,50071,21715,2156
75441,86625,1811,143
132926,23932,12104,4687
92524,33449,1545,237
145063,19972,519,223
124635,27587,62610,8610
111598,40569,400,8122
89580,33595,2036,82
67993,36275,199,249
83957,28563,1360,218
106537,43784,1081,4332
116257,24050,160,5826
122853,40310,1076,9349
74374,36184,785,235
116089,36859,1438,12018
85346,40933,910,9545
148759,35066,882,333
56005,103206,1127,210
141639,46957,5807,7497
96760,25896,2224,8198
159746,36728,1344,154
87899,49282,1735,218
68257,30012,751,1735
138989,26715,947,357
163362,52111,571,452
169203,51001,713,153
137605,50544,1194,99
103439,17744,36208,88
117265,45307,549,4402
59837,68385,6402,627
81484,70622,777,8670
134309,60502,335,403
85526,49969,25838,85
80350,46571,2892,46
99004,50903,242,234
51301,63389,17904,114
119749,40130,26420,140
129756,27560,8856,3993
74157,36259,627,9115
105787,58242,1089,2476
115623,24208,32218,1686
87154,29032,631,398
105277,45623,316,142
70089,34138,24585,173
91225,35391,223,2885
197912,39571,1258,399
144197,57851,707,38
111901,28477,189,72
90728,43195,192,2048
89973,32084,416,5097
195164,30008,278,87
112788,30735,2495,134
203534,48923,38356,2274
54877,25955,9518,12628
97225,35897,1026,200
130988,47742,809,6486
118244,41025,1369,16195
139282,36124,9379,4843
58143,59386,8686,7644
129411,36727,569,2807
56088,25239,2948,105
91718,53217,119,111
90265,45740,1069,6225
184679,48779,323,5452
139305,36176,821,170
73117,30984,790,4076
93513,40984,578,50
121175,24452,3235,686
103840,55385,15716,5549
53546,34479,28229,300
81229,55683,530,173
76594,20742,466,139
144770,23151,463,4570
103083,27476,301,345
84469,54821,848,346
57667,24362,998,383
132673,89624,508,117
153620,26555,542,3066
96360,38299,413,3088
123438,33828,365,12519
126610,26752,710,3848
85068,40983,1536,2641
88515,34861,8111,2868
94509,59571,20544,4694
125176,15309,839,6005
105063,19267,595,74
81575,77000,1189,76
124473,64675,1522,2296
102144,21577,470,3206
120039,22467,920,4098
87085,37294,863,145
75223,32821,384,215
87273,56670,121,7865
72347,102722,10916,3269
107551,30838,224,98
78208,13786,290,238
98187,62626,855,110
167490,35154,6563,67
98722,36307,249,167
88094,72148,761,5699
108226,64988,336,271
104926,24795,1313,5835
109223,51180,231,4000
92438,38355,22244,5054
122279,34304,402,9285
85390,37033,38951,62
100005,28976,818,10845
146593,28789,581,3221
124996,40007,7775,152
109628,42284,8838,5398
111681,66734,1057,65
100043,35630,381,8774
84593,63392,237,71
76821,24580,887,31
82503,54032,21871,3150
89987,43643,1562,69
69651,31913,9670,431
106520,28672,614,9691
125428,49750,274,2542
96926,24456,462,62
151426,23818,494,130
79898,32814,2642,9906
119166,15723,133,191
117512,64335,515,58
70715,30776,189,101
108757,72982,684,4093
65716,19898,210,12449
166904,40098,498,230
73441,47966,356,1237
89209,36256,429,48
82866,78832,1280,100
85317,57703,1246,283
160969,51372,694,1696
118390,61333,1241,9749
129271,64132,566,69
141769,32165,695,2760
70989,36193,1007,122
81986,36363,10071,3309
84483,81547,450,2131
95224,53316,8932,422
137091,26870,5747,3271
117290,40436,269,52
81221,35531,537,2424
141040,19658,1324,69
75642,48753,19357,259
50012,52858,263,4975
99574,90821,501,1675
112405,46878,765,3146
104474,28445,2194,168
165651,36362,51276,4270
74136,34377,12554,438
102323,33013,1677,91
120432,39430,290,512
124554,24549,973,1424
110883,34760,238,143
107796,43939,447,3734
77255,62520,708,5011
101248,22862,820,56
118595,54626,697,64
94821,26697,1757,2267
82050,46732,13144,170
81862,22591,12770,1792
114499,85109,2329,283
88412,66397,1594,50
113140,39406,13796,4079
107573,27769,218,18299
61820,24857,927,73
93167,32019,592,4829
77421,37811,755,639
110517,20254,382,9764
94644,44843,1216,75
101356,71514,969,2159
168314,22948,11918,3418
81115,40485,592,4954
130131,36542,559,5515
131422,25183,684,2643
101742,32439,8062,109
86805,33496,252,3543
105741,11779,1564,60
104831,70321,31444,3825
132161,25467,447,117
84002,45793,1176,3320
94168,47487,607,333
54653,19672,32622,3620
87574,38620,623,157
63340,40523,13749,6675
85319,44005,485,146
106651,63912,1295,473
89362,32202,1003,67
116576,20901,429,3638
129263,42038,260,662
99355,60804,45472,2132
97393,50688,713,3193
130750,25332,2590,10895
73203,79193,915,1734
72811,24465,1159,163
93207,48426,46365,8781
130878,25449,137,105
142275,23208,1204,365
59017,42633,567,165
90458,34225,546,2383
92264,14623,1027,6147
129049,42174,673,77
116135,49781,1858,7583
101049,39662,339,18280
92462,70013,919,88
100090,21345,934,2262
111163,46652,2019,2232
78316,25704,652,6383
81957,22532,6505,6574
106899,22196,1269,83
83446,29310,10033,8532
80960,70097,1897,2535
91680,25932,10830,173
88599,42011,3268,130
101552,25237,22365,36
116921,23433,32071,8533
61605,58307,1097,10657
112112,36127,801,359
102877,72146,1970,190
85717,23278,147,113
116134,26747,2837,2411
147041,29479,502,308
54782,27304,112,119
122460,30544,565,4493
106891,18783,1552,53
117235,62976,1534,12866
101513,39450,1090,73
164125,41546,17248,2400
130429,49344,793,6055
70927,32506,4919,102
119384,63048,2064,66
108739,20982,273,67
231305,22734,929,4918
73736,24112,1860,345
99028,47891,1293,7988
107612,46174,1655,3329
114740,81546,742,446
99363,46462,152,6135
83002,43904,253,427
183991,46554,14370,122
108888,63752,182,7499
120501,49173,1695,102
117160,37250,744,259
132419,44243,1437,103
78176,17592,10428,2416
125276,61710,353,255
136114,46689,16602,101
81189,17041,189,161
125780,42044,1821,2999
76626,36860,1071,298
94967,25462,717,4270
83891,28312,10007,371
133536,50436,3268,241
195041,69375,173,92
136178,63236,286,51
135287,27593,14612,159
138437,39836,658,3091
119803,31892,1834,4733
151543,31319,228,704
74402,52310,556,116
61156,31234,796,257
70575,44112,599,1819
83026,42169,424,4325
86489,57737,2673,1944
68954,44226,404,31
97923,39457,957,14376
75232,49278,547,119
135035,41753,1884,239
130561,49816,19762,7171
121548,50226,41412,8688
158413,50715,635,5043
124295,15059,2320,1313
93767,59866,2123,254
136401,40242,43786,131
166557,40818,815,207
104956,37625,277,4232
110613,42964,941,5584
74610,53491,1405,392
88760,42501,1004,7536
88853,53277,17298,245
102358,31494,15760,1263
98323,47008,713,44
83884,26704,942,9375
178893,24327,21564,9089
146637,39437,646,381
78274,77966,742,544
86546,43212,16928,173
161069,36518,125,233
69159,32486,1143,256
112361,37403,140,280
89728,46339,7758,969
89149,37927,118,3379
148902,48881,8925,230
77092,87225,412,362
82971,25127,1325,30
92126,91302,14006,3039
59487,31938,2318,361
127936,40396,1736,127
148036,70184,18880,2928
104891,55965,1981,1742
90589,47938,1513,2084
101233,32292,2089,7852
48954,77198,115,3975
80772,60538,818,1846
73093,27465,296,2952
74249,51523,241,9619
151477,22515,1151,5393
102983,94577,862,5407
122990,40235,397,113
154760,38313,4094,512
123985,71335,569,211
99666,30133,202,84
63570,22114,562,197
89080,18256,5433,246
121151,41753,966,191
123341,32724,566,286
99781,40007,23690,107
54975,44185,1207,3797
78157,95718,1270,30
95332,22382,542,5006
79882,41424,143,10293
96613,14434,15599,3341
126930,38491,13360,2478
103208,29282,327,1192
67454,22755,12814,375
100477,48036,231,46
144774,33822,383,16
66010,71513,231,13393
57190,23032,203,3874
142726,66377,512,6452
137428,29684,299,4084
117697,40170,954,135
107428,68091,821,2992
104495,40510,314,3195
124843,27860,993,2721
135717,52931,863,30
123489,19797,1284,90
113704,48061,42979,191
123849,63992,1505,12463
102520,34729,246,105
91259,26456,56326,183
81413,18566,298,15570
108410,49486,4367,2699
90353,50422,753,123
110096,28465,11650,3964
144915,46578,1613,187
106590,56985,834,91
111588,13471,476,860
61412,50792,10959,132
135654,20443,241,237
72690,45316,1886,2769
74788,25906,23312,2626
110449,28294,5846,9131
75964,28367,215,6129
125423,43986,168,169
141423,60307,836,2516
115893,54970,846,267
97466,26143,7602,101
118368,39209,5793,6907
82798,50192,1781,96
99142,41790,568,91
133999,53415,185,175
146495,19395,728,3485
85745,46700,211,49
130044,32797,522,122
91307,31549,1005,331
81858,33718,1274,169
107136,56122,266,6164
160120,44135,4772,47
128032,32062,19557,5370
97349,29308,546,4391
96611,25109,9007,5016
57371,49554,2378,119
112573,68242,1695,203
73146,36434,81,194
49432,25331,377,4735
62555,16116,1163,43
171628,18866,352,189
93642,60603,576,5934
85394,23607,2214,10545
94795,54986,645,3629
85983,31563,184,9129
105745,51999,1639,3973
106444,20182,34513,136
71226,45519,1152,3047
74271,30985,355,4851
105060,37026,50052,1119
55032,37908,1568,5890
87091,36643,333,2908
163918,20269,367,5832
67655,49084,16344,220
112385,18389,33935,2183
64932,68634,67165,6170
85230,30432,580,167
39278,95253,428,86
104186,23025,19275,1456
79061,61784,147,6184
106724,40708,496,119
106816,20147,142,149
89410,32516,1002,5997
103366,80766,381,1300
65322,37087,766,167
85975,42580,1084,177
112433,31254,498,8806
77870,31402,733,103
63527,21470,376,6099
113928,37590,1008,2409
85601,31776,674,3571
104730,47303,380,6023
90235,26835,392,92
77335,34838,1811,89
110631,51763,16775,3624
77894,52195,242,2257
91373,52589,508,88
157194,45619,14963,143
85972,22428,216,5344
101594,34118,545,823
132306,23450,23637,134
148457,37333,252,113
83873,38299,12853,168
77229,66766,1018,736
105736,32290,90135,49
100247,40363,2116,8258
112676,35140,212,120
52758,46657,502,155
61740,34320,306,154
84458,12981,688,118
67641,31465,302,462
80914,16827,16945,3738
70219,42735,353,5894
78867,43157,993,239
149698,24664,15799,5904
154124,28342,207,8747
82498,48921,1085,54
100407,55091,1062,7067
104934,39946,184,716
75875,40913,784,7125
124588,23034,490,221
67033,48583,867,222
69609,58705,253,258
144830,31037,399,136
99146,31073,159,3277
113980,33015,603,5636
106698,38377,1324,204
108139,28509,1502,143
100859,68150,160,2033
95450,38165,920,3459
114174,34882,697,398
108687,20431,474,217
95601,95252,746,2419
80576,25768,1598,176
137170,55564,508,227
125113,23211,57784,8315
101846,26376,15040,1695
60114,19071,312,2448
95125,118487,367,5040
86993,42486,9886,12447
122793,41222,1474,255
93243,49794,74,4470
101184,29109,1446,1646
123906,57227,53427,133
83662,40565,1345,63
108561,42750,1208,2131
60682,51977,29678,139
74739,11433,94,159
127078,46853,14297,307
116090,50559,914,5873
167003,95425,677,12824
51161,75459,8933,96
145679,24347,288,196
95324,67829,1524,3000
127529,63535,686,497
124126,29073,1757,77
78358,66839,348,154
89645,42392,36454,98
81557,23334,670,140
83398,49335,809,1996
102571,62131,251,3041
155050,123330,342,2132
132587,46057,783,140
89911,66003,358,2034
100859,33411,174,6408
59469,25418,85179,320
73384,37989,834,6075
104306,40350,12392,8929
65891,29127,254,205
