FSC-A,SSC-A,Zombie-Violet-A,Alexa Fluor 647-A
116258,31408,350,116
84700,40491,16299,463
71959,26718,39982,168
152658,50682,2813,51
96248,60495,529,76
116529,31406,2907,163
50739,45387,11630,95
102897,46122,22509,656
110365,25175,372,242
135699,78057,308,92
98733,43781,686,70
137570,39317,1410,120
92930,42471,610,155
77751,48926,13658,107
125097,40525,9369,4398
144143,92804,13752,239
87834,41874,760,883
84481,47371,1198,453
92819,25127,30253,564
107178,70868,6024,100
75462,24322,538,116
159950,58904,643,488
163737,34183,215,77
81286,43925,255,179
105916,60840,920,393
96802,44053,34435,116
177452,40522,1305,56
109602,61086,250,98
102583,34585,61517,84
151209,55154,2277,355
146321,26421,2780,40
267682,45849,757,408
166996,32454,29964,317
103151,66759,5372,87
127340,35140,394,157
83176,59089,1352,623
104682,13967,1680,54
98412,31006,3676,270
56277,41328,367,324
106730,18689,6225,51
88639,28405,419,51
133051,25817,2793,127
145291,53776,347,191
155986,38668,959,61
147156,41370,171,6754
92410,127697,1140,61
93526,26617,1976,165
98595,55383,483,293
101608,26371,439,182
105851,47204,1044,233
66344,68469,316,280
115040,57343,429,154
103884,26669,2429,40
103158,32396,8661,243
84521,45737,65,113
99126,47287,305,74
86753,62022,150,70
93508,19507,339,133
103605,43310,361,103
101942,101869,7624,106
142750,46477,1199,269
109179,112131,426,119
128439,54292,2018,216
112300,39732,703,275
160640,19826,1182,531
137349,26863,3287,79
92639,41945,1090,498
103148,90654,327,117
109159,22797,187,246
132232,69932,612,365
126199,52144,2154,327
79704,49872,214,236
107762,57709,708,40
78279,80780,541,253
114218,28726,1106,119
153816,40625,1087,242
117118,29023,491,90
110550,34221,1482,342
99412,24594,2229,251
73886,22364,411,198
88402,58187,563,231
91948,34623,7295,195
133607,51848,800,372
120154,67829,19164,221
67444,31074,1261,188
129871,30161,12382,270
85644,37582,34427,228
74675,82211,431,36
62184,70484,918,101
76380,50379,1185,287
86575,58467,638,99
80638,55761,583,87
120784,30358,10378,96
121307,48563,659,229
81989,41604,285,179
95823,56839,13327,229
113039,88494,22944,273
129102,19367,281,118
117945,24968,2778,2649
107201,32279,494,65
73718,28066,888,320
76356,76367,1043,264
160391,49722,1006,4244
72876,45509,1716,84
87535,26814,91,390
75923,37678,2855,51
59999,52698,196,76
162455,55282,41348,428
102846,59688,79,108
119926,37541,183,613
92766,65930,802,133
137117,33481,15811,170
139806,62103,424,168
75767,37064,608,169
93132,47271,1161,91
106886,46127,1408,90
61673,41893,87,147
85636,29349,1076,190
108890,58703,508,282
125273,51911,20027,682
81846,37674,1054,326
102131,36563,253,127
91359,39307,753,178
87035,42897,388,113
115722,39572,443,129
121994,32190,22881,123
57591,37085,860,834
102198,107323,26457,226
86004,30634,33652,58
111836,53127,24186,97
75697,26537,3732,56
135624,22879,3713,76
105115,75704,341,177
142268,21255,9064,93
102471,34482,1260,717
88157,61099,1139,176
91883,39189,582,61
73230,21311,1071,172
102154,23242,1664,149
102910,67920,1743,87
69352,36392,1233,152
100495,49073,39886,1799
91476,34360,6107,166
77125,31076,19865,211
92115,34890,1282,1747
128941,27275,186,56
148978,73048,664,506
63505,57872,126,628
109126,27946,23738,152
144807,18816,2724,113
112648,19803,1317,127
73377,34121,377,42
115213,48241,938,89
109889,57898,19707,108
59411,54644,359,49
87256,24882,20328,748
91465,17039,402,303
90246,41963,307,207
92325,32311,3344,61
150966,33653,1204,239
138843,37615,357,80
97727,76150,376,126
91046,38979,4257,262
102913,30793,172,153
65817,17731,1523,169
42803,44386,340,127
97044,24069,428,69
74457,79328,595,223
134677,32559,576,167
81065,39045,832,176
82489,41700,13290,117
145107,46524,1868,71
93694,36696,44321,69
164100,36846,623,349
110589,49467,164,940
93081,39301,14144,63
85505,50384,24986,93
67855,25336,6818,124
91137,22483,12672,110
98006,31872,17127,130
107574,61021,1728,111
68343,53170,632,83
64518,19515,28540,79
63537,66229,1502,374
116784,51945,647,287
85723,50560,16445,1151
114280,43261,752,116
156637,47963,252,177
57656,70996,1356,329
166446,34884,5738,184
60986,32362,503,165
117453,42426,263,3549
77391,39185,401,277
109562,52552,473,209
99534,48411,2467,59
142282,35704,11867,392
72848,31397,7055,76
106632,42517,684,108
159599,31350,640,103
112508,79354,278,67
66880,41661,74944,94
57936,40920,362,97
101356,53979,441,74
98614,53997,1249,5783
146578,27185,66178,3786
43226,65378,917,249
107168,72966,3284,31
121803,49624,10701,103
84110,27223,503,117
197478,35798,386,132
143457,23182,10854,102
88043,65802,822,93
100013,31307,1890,211
120589,21909,1734,87
93700,34590,9381,180
94608,22767,442,220
101702,44190,222,868
127049,68827,281,368
92733,22479,490,480
60036,61576,2189,295
198600,38617,5885,230
74522,32167,13313,3454
80701,55075,705,69
101225,46781,503,277
135941,51233,294,80
119888,24653,888,41
76566,38020,133,6529
114098,40010,17440,1100
153392,47225,495,152
97819,21962,233,119
116620,31306,372,344
106542,27560,174,165
149737,36693,569,229
104428,37503,686,163
103788,61026,13624,114
87387,57662,254,90
51559,50167,483,205
120304,23736,194,87
131613,23023,682,438
105761,39850,938,110
139425,42932,806,115
163167,42045,27926,106
66675,70512,410,146
85510,18251,667,151
194532,36906,1378,131
100599,29875,1243,133
61420,48141,788,54
121717,59114,514,363
73460,29555,733,4301
78841,29296,198,661
99878,52762,526,67
79043,22472,13594,211
102280,38165,708,404
85287,34377,1179,202
128828,43645,2102,288
134423,52788,425,78
73196,14941,454,175
73936,44906,410,164
155229,34852,490,242
42189,26837,36196,3605
66724,94711,540,92
98990,22333,6716,93
115128,36200,717,196
98900,37211,26025,249
101349,51323,189,1712
103695,21512,548,60
121966,31932,428,146
94037,56427,14391,400
162463,39731,109,242
169909,80406,833,135
84957,69375,288,189
92321,24636,20879,441
126500,66592,16326,39
184194,26185,101,2565
155927,38836,2055,58
132052,40263,1818,218
82386,55905,535,184
91898,24364,1237,152
98704,47437,729,389
135197,46448,389,174
64040,52028,906,22
78363,70160,360,330
87211,61995,243,810
106361,50682,5975,199
109590,30739,363,79
84198,18597,745,178
134687,42343,3984,181
72898,61880,400,576
106301,37434,1393,223
83527,25669,574,108
63440,45194,507,212
110178,40977,1440,279
65538,26129,585,96
124600,28924,1813,171
69332,15061,2390,135
139772,59419,830,118
90407,47778,919,372
103086,29121,169,114
112040,65665,1755,101
75906,37033,1088,172
110217,12912,546,352
106640,26923,470,266
82070,13765,1473,237
92674,18269,451,385
57469,35839,178,70
68870,19798,366,64
125201,122730,1303,47
109860,35574,248,209
121465,59390,20702,100
137105,17484,250,68
75213,45632,363,2922
107404,43756,1094,240
96445,46698,6912,269
106369,41199,3646,51
127882,60314,27220,2357
107679,38006,501,522
105470,52267,524,190
73440,40976,1511,79
86680,80820,2692,100
198501,35796,746,198
65313,51699,511,136
116081,43037,546,220
68651,39983,28103,62
154345,46080,1210,94
141686,52364,309,146
101507,21537,944,240
150243,23976,1167,124
89576,32620,14763,195
129681,73923,423,153
131363,39179,19363,113
99019,41905,430,75
97385,33212,1263,1301
89213,156558,67,352
86686,36481,609,280
107557,52938,13558,127
164275,29422,13015,143
85333,49810,561,145
95053,19186,327,361
117845,25113,5635,92
76852,54742,3024,71
89623,116118,352,234
91900,58629,9922,217
114053,57878,2887,128
131374,31931,131,642
117212,48067,14361,111
105284,56931,465,156
136047,34120,790,311
130017,29418,2206,232
89566,30041,1330,294
95741,57543,116,378
80275,55546,1469,104
113623,44999,921,329
111515,28515,11618,74
105500,21505,542,147
77251,50775,357,749
83357,101968,830,207
81163,58668,6193,190
113324,31704,203,116
120600,28325,1036,78
111711,74668,283,186
109741,49517,404,48
142819,24892,572,178
116920,42050,859,78
67731,21378,470,155
87375,44794,709,361
136498,38619,926,124
67202,21469,179,338
91996,46929,510,96
119705,36139,419,307
130437,50773,7008,608
91816,55331,662,81
72357,51244,3099,252
120332,20434,890,153
143611,25599,13999,100
136936,38452,15037,2789
96192,35391,1007,66
105486,16647,373,91
135422,48060,2773,128
87744,40873,5030,214
91364,53087,16300,102
127198,25279,508,150
131561,86265,2201,72
136929,24599,5655,216
96773,36023,6734,53
96918,37032,457,130
89583,55555,2153,99
105882,31892,608,215
69763,63759,454,88
93282,22126,284,64
80687,28880,255,382
89203,35515,145,262
53079,22174,352,126
98204,42289,569,204
107467,26080,772,194
99831,64115,31498,122
64676,136879,660,677
113698,78129,22846,266
104685,44450,1095,194
86785,114385,718,333
83582,116762,253,172
79790,24873,2544,307
101344,34705,21120,36
100031,55623,62384,326
88895,39861,6111,179
113694,37621,391,63
67309,21502,36591,48
113173,91145,638,3932
155190,24519,591,74
72759,26343,1175,209
88145,40269,12354,2702
95872,85193,1327,162
75428,32915,845,676
137571,34988,1237,114
93926,35298,6342,170
78949,59038,248,146
88409,54958,23094,438
46200,37162,294,215
94096,18781,2503,370
171507,87753,496,148
81499,28998,759,149
176109,31291,260,158
178075,24754,1155,195
66891,59449,16948,166
76689,31018,308,176
109820,32598,703,98
79013,16672,422,138
187094,32953,647,365
92730,38502,1914,133
137493,41381,547,179
72244,20355,17087,60
124214,57911,557,191
159549,54515,1828,440
79559,36535,354,160
146107,55268,392,127
68486,26444,9269,66
97549,44974,34695,173
107135,47772,13866,375
163742,40751,784,32
117690,49398,428,65
67837,24736,164,187
121681,29814,17930,301
106372,41015,569,314
129670,81750,1002,113
80782,55501,129,243
115980,42129,1273,289
97893,45616,25394,115
128021,33817,38433,152
117447,35707,2140,210
117370,27811,1259,115
84684,46881,639,80
125546,125524,1528,114
150297,123064,750,3732
115776,76516,852,136
86119,27319,903,151
85014,38038,388,95
66912,52270,4141,244
88553,52944,551,298
88506,35970,19598,81
107365,41904,257,284
120325,61295,271,384
83471,68590,230,132
100230,25588,537,372
110633,65009,723,65
118421,30218,1288,99
77286,37438,2904,538
147642,26158,293,193
125347,63304,379,393
82161,45950,2115,279
64626,57041,428,275
174656,57769,521,494
90847,69011,27477,94
88046,33075,775,171
93871,41627,6959,32
112978,64467,586,191
103428,41619,358,82
106506,101585,3096,91
148018,52177,258,345
109061,31180,1564,161
108860,25656,681,121
84950,33076,344,512
110171,60114,14943,149
90602,31960,1255,95
86602,18632,12486,929
43378,46315,820,221
91641,19546,1974,52
109983,30976,1072,220
107713,66758,1101,90
121756,63007,1655,358
138997,45088,1727,83
96850,60748,1059,56
63846,73232,4716,3372
107044,33684,692,332
134737,26388,489,154
110199,44348,636,442
159070,51052,4841,261
166106,67645,9139,122
112716,50547,1903,113
113695,65024,1410,145
73759,65787,2210,200
136276,25684,310,152
86823,84257,23573,328
99208,20599,714,109
61714,87945,2809,155
83958,37763,237,2576
63007,37837,182,94
80302,28115,2095,364
121852,29391,657,84
72767,33197,107,1813
106686,36704,624,81
93843,15737,7553,200
106322,31429,1371,1422
96154,107308,1244,121
163619,24303,814,75
134803,46913,407,109
112855,99802,1493,223
133476,21943,307,437
50434,54282,384,1401
108635,47875,587,163
82336,103905,13985,204
60395,49015,1741,104
79503,54359,304,118
98673,46900,159,5687
74329,23115,9600,263
121159,34285,10282,216
83647,41316,5836,300
95629,12688,41071,104
112962,38081,856,403
122788,45205,1550,224
118737,28329,399,181
97101,55252,2575,113
58969,31327,303,174
98575,63846,1258,92
141237,38179,430,359
97256,38894,5191,130
116488,35609,1877,398
119195,53535,549,268
136157,35322,365,76
174981,38022,872,23
89752,47597,167,254
123114,39581,848,255
143800,67704,520,170
205538,36574,346,264
108562,14374,977,61
91174,21530,816,276
62598,29447,983,413
86232,52084,1495,125
98492,73995,2454,142
111763,89024,840,162
105139,46405,195,117
105655,35525,213,322
74487,30133,782,39
75314,115036,2165,1051
110016,28997,651,45
88854,54969,1540,121
119296,62578,1086,337
184698,31884,404,131
86960,41945,400,371
93188,39884,726,3361
64426,47196,1039,401
90637,63575,305,232
107582,76363,6775,579
132998,32085,776,68
86373,70520,809,119
94967,27451,699,50
110895,29125,102,86
154286,15617,2995,164
91244,23219,155,119
123652,37093,312,136
111915,67966,467,91
104247,42760,404,186
83804,40392,849,68
125767,30543,2243,162
87492,48098,114,135
90559,78224,1006,139
122053,37418,18951,166
134583,16600,162,2062
101297,48884,930,775
72614,42093,679,209
160107,67664,614,77
132370,28713,763,139
94861,49730,1063,226
97721,47702,472,99
142031,84166,476,82
108291,22210,682,3818
102305,27946,655,239
117738,84847,555,236
96312,20935,1066,41
61383,30347,830,197
96534,22609,924,390
62010,51020,15355,412
100646,37924,830,318
120735,29020,710,231
71961,32353,422,206
106941,39205,37281,239
81838,30916,914,344
137585,23030,1206,161
63702,32740,351,86
60510,30045,179,136
107675,78126,1165,299
106629,86789,21544,69
160118,68768,1088,94
117123,51493,23234,199
110756,74313,192,123
110195,15545,2467,130
72925,29296,1227,157
64661,25179,600,295
138200,52081,20953,91
89718,65396,1695,182
119119,44431,1147,111
132412,44809,2420,1618
89762,23652,360,103
105696,43212,1183,223
77634,18674,1362,78
141278,47970,12919,133
99180,30488,421,215
142627,18708,1364,167
77490,92635,13379,135
70191,52388,2116,309
55513,71054,16391,139
139076,61326,2098,74
121602,99647,1014,257
127817,22756,1588,200
88616,36907,4646,222
121769,39914,432,135
145387,42570,592,104
128800,93827,1078,166
75932,31419,587,70
160147,50732,16487,275
160773,33051,958,125
54670,44123,646,277
74377,30182,159,53
127329,39034,221,1081
70412,27574,2525,85
80517,61104,106,270
103551,19268,21515,70
108826,72960,504,613
89003,53918,818,81
121205,60485,2196,149
129949,24523,238,121
86667,58546,37263,82
93019,54988,2139,166
68138,33571,377,127
75641,43220,838,310
60491,41499,511,32
97992,41313,4565,47
74231,47443,256,476
68937,31743,10348,356
68368,44993,983,57
83338,45086,330,61
97196,88681,402,142
77828,81644,1146,115
78707,32430,812,285
129450,38595,195,769
67626,70082,2041,1688
70653,25541,360,27
83148,25200,129,337
95733,19209,893,2070
63545,61272,1073,136
71266,37367,805,427
100997,20552,182,359
98395,25572,143,72
105498,50850,618,241
69120,35874,8345,149
170202,107000,487,124
78457,39631,699,140
84596,47483,1408,93
85505,20864,17684,92
150132,33589,10451,160
54549,65600,45160,175
161356,49281,985,375
97832,16573,31125,132
85592,30736,12611,344
111160,71740,229,71
104890,22900,7396,264
159193,48726,15134,185
99119,26267,384,110
64428,68490,786,92
90551,35319,543,230
114020,29049,418,70
115337,41298,39882,67
100250,27818,373,115
107736,42362,13808,34
118827,58414,1035,353
103690,27731,322,103
84206,64922,715,435
77161,49925,806,50
94303,28944,32704,160
93966,34508,538,216
114328,51515,19667,136
138393,43026,8684,495
84041,12906,960,294
79272,41277,840,242
119153,78216,716,326
96811,111229,11903,5274
135276,22932,28765,111
92917,47441,215,135
79830,17794,545,136
145821,41382,997,524
93902,72633,18559,258
52706,56935,80,82
76870,63662,740,163
70570,31969,471,131
105538,46892,218,838
91727,44717,8481,222
168333,41639,2913,254
73361,36745,1214,627
80724,53164,681,208
90195,32582,1537,91
109225,36891,1060,136
112616,16280,348,124
66079,21177,5410,116
82530,45543,791,2475
117669,21626,111,71
125521,95530,304,126
104578,22725,1535,187
105796,28535,396,336
136227,19906,169,63
101218,21187,450,269
98712,29760,1584,81
81171,101167,361,207
162954,28278,286,62
162274,33535,7287,562
102826,41780,286,372
81752,25178,704,156
114257,28866,1008,87
75757,28104,26710,72
122387,22394,1580,110
94216,77131,137,145
139013,40581,14059,51
95891,42289,598,193
80940,37800,1423,421
109292,26410,1264,63
96499,52397,9173,163
141727,48608,493,137
115013,51532,564,74
78036,30758,218,113
63102,46459,1081,119
92551,35538,854,21
105266,39912,1729,409
87817,18552,376,1254
108005,35099,319,200
66463,88681,1067,213
85491,54231,2786,49
120283,23459,268,151
109070,32682,683,163
169528,68606,1517,187
101546,28873,2257,349
108319,40420,688,111
100578,40419,1024,54
73833,57308,195,174
67023,65783,78404,321
93582,45260,1354,237
109262,70200,1337,75
132413,75482,13,499
124239,88817,10219,70
88007,36207,367,220
115437,37644,677,75
136101,69064,758,64
97895,34406,44105,178
89617,28858,188,123
109043,45140,421,30
108658,44513,215,2748
96889,20008,516,230
95878,41046,2389,158
92814,56423,3940,406
115661,15193,1168,56
95201,67864,466,206
109857,47817,398,76
133983,37344,417,61
80934,56484,1019,60
71172,19164,270,95
97469,48529,122,407
97602,43657,279,78
132456,56951,1227,173
119916,42429,1213,74
63423,76801,24192,66
60019,76434,719,299
95692,44733,20493,135
132076,19129,494,427
121357,86936,11394,65
117182,69953,1028,1353
138911,46640,602,96
120582,20954,923,85
116312,35139,589,102
115563,55619,3180,45
95018,39210,978,340
73673,35837,60908,156
88597,16817,1356,170
150810,30562,6743,227
114537,77609,704,113
137802,53056,223,341
84363,39684,1856,927
112028,42893,1452,1051
93342,42185,174,69
119734,64688,3445,216
82660,56087,13715,203
70460,38436,11613,524
124005,34982,3654,205
102442,28904,150,187
65592,37480,794,206
175088,54256,25401,347
97140,28400,10892,225
110118,35342,1256,142
78049,64603,400,189
87889,16758,948,41
115538,26825,231,329
81403,44517,85,3219
152554,31217,329,39
91232,55437,213,174
82393,41311,5542,139
91399,18512,1389,75
100096,46291,282,90
108883,25433,2534,235
111366,37722,1015,5959
103351,32588,503,343
125673,67547,8382,86
79442,25594,166,159
98865,24233,433,110
101858,45317,721,106
65951,53817,9694,250
146138,28210,902,106
129183,67713,288,188
122870,35687,14231,174
105995,56019,24822,295
102861,44622,1316,189
73120,46993,32156,156
112180,35933,15230,226
127456,67562,328,2705
98607,40230,488,3560
179206,62065,658,233
112906,90289,1077,237
116605,74794,11696,31
99525,28222,11425,313
113750,31309,12294,161
66353,130145,20560,165
123056,40759,4808,144
100523,26322,892,180
79611,34139,509,259
80190,63426,56,177
113980,38726,3517,258
176931,35714,4592,107
216425,25917,575,209
110504,21656,13469,81
133166,34785,931,70
142139,69763,691,156
99688,28225,522,486
129998,50474,3434,182
167143,45704,1792,137
141381,34957,592,113
95731,36409,4046,2280
123517,60893,114,204
58590,26399,17472,146
149721,59957,419,223
84027,28590,407,586
117607,58416,666,74
73115,33306,7131,632
174368,35567,973,110
102887,92536,159,162
132185,81724,290,408
60661,48021,187,280
91554,43036,636,216
116795,79644,6384,112
110518,36277,7907,478
139464,28171,496,319
108848,49478,8218,85
74170,39259,275,244
83904,42339,630,61
100867,37263,3730,670
97674,52140,324,161
85906,47610,611,149
135850,50508,62675,419
127346,32525,515,100
86236,37719,634,59
112198,26488,863,43
109940,53481,161,172
103741,30851,991,114
87523,28863,1022,160
93324,30206,1255,189
99025,37241,978,684
96484,20351,6894,61
97034,49274,536,169
112231,27391,711,29
165982,51730,380,150
185854,33332,1379,95
150386,69688,11367,62
133469,34046,526,217
88952,37873,294,1949
68722,34626,26279,421
97856,59810,65431,64
118122,29862,5712,5564
131009,23730,205,97
63554,54246,250,161
155550,81936,12611,388
64486,26150,1268,163
81255,61009,259,87
66988,33707,5273,255
89866,34351,8169,49
91138,39698,307,217
118084,33286,459,350
66163,34866,43518,126
70383,60265,801,80
172223,34911,228,44
84193,47489,20666,228
118318,31362,222,235
117031,82906,505,91
75719,57510,458,206
75989,73391,156,288
79030,39493,423,26
115573,32203,19225,238
61778,37357,5245,891
91644,23321,446,197
105454,41805,1052,77
135274,27879,1021,90
134538,41963,743,90
91767,58142,415,187
97046,50004,472,317
76421,48178,1391,4149
107768,31481,55069,79
90888,51830,1019,155
136889,18167,142,233
115353,28932,438,172
110237,37502,861,259
112694,31541,433,821
88046,25097,464,207
90474,24955,290,115
118037,29461,528,108
86216,39508,96,120
120257,51886,252,281
73214,32623,896,188
130528,36421,7104,110
158972,40852,646,95
73665,23775,172,74
68310,66587,974,228
99489,57697,1838,389
77695,43020,74,137
137952,24119,1045,75
96723,31900,681,35
86249,37801,26781,786
90016,72504,5189,319
92413,69209,645,66
104297,34482,4323,271
101708,31961,1369,108
98973,61947,199,247
67086,40703,6487,51
55871,96767,203,198
90695,64151,185,104
104139,49862,162,140
103760,24997,81589,146
84796,33366,888,138
93449,60924,930,51
102006,58519,222,225
128615,53261,335,44
64691,42470,673,393
163557,29816,725,101
125170,49402,2475,678
127999,24888,1206,64
63284,36597,7880,330
117545,36522,1055,164
82756,75881,285,51
134062,41210,547,113
108009,40143,476,515
73540,23040,19173,141
108683,54355,1058,177
84320,75944,1502,106
107544,32332,541,107
148758,35800,719,57
111947,54684,709,144
104944,44290,337,109
144999,81759,301,211
87838,58096,2013,82
74826,54081,311,127
75672,16274,312,245
59663,43723,455,249
70647,34932,1028,252
108269,31875,679,199
212897,28325,315,61
74658,25069,998,123
144160,31851,13316,66
95424,57828,490,142
70351,40666,763,149
82664,36854,190,375
112115,36723,21336,112
198488,81771,7933,162
87106,37609,8805,129
91701,43570,1252,206
101584,22486,18222,124
147294,34646,541,24
101742,38859,478,107
87099,62905,15376,38
154392,34999,10344,178
94651,68428,1150,181
74829,85424,588,71
79587,30778,635,90
89713,32967,417,223
117661,42453,352,272
117631,39058,43252,159
151567,22221,4225,166
154980,25802,549,64
109063,71468,552,221
109423,31818,575,303
90874,47289,719,105
83202,47361,1212,105
128574,34954,499,116
117885,74845,590,149
65518,33467,2729,91
116083,43522,1945,388
115264,28155,26957,148
125566,41928,207,127
100787,36957,635,52
90937,21413,2154,678
100424,35064,420,77
65883,14809,151,276
112438,64793,589,1085
141365,75640,4585,80
82230,52934,908,46
93387,30048,44662,976
99075,27589,152,177
55941,53685,17410,2652
75844,88430,654,230
155589,45541,2534,94
86659,47213,591,4417
133378,46583,19341,164
80411,12521,1371,178
98237,79388,912,247
65357,81688,1159,20
127443,36631,427,208
58998,45853,468,236
132893,15875,1228,680
74200,33075,77497,460
84712,29626,1304,70
89246,55824,917,385
77781,23940,407,345
77568,44419,607,94
120072,36862,394,376
85673,26445,2034,176
61465,67749,689,65
141195,20590,316,227
145763,34968,249,333
66074,28269,512,1043
97945,25295,219,202
142114,45024,1192,368
106894,31756,1414,118
103851,39802,2552,75
168117,45221,615,147
66235,35113,2818,162
142396,35591,616,94
133369,57686,162,107
75638,41313,359,163
108635,45219,3686,82
57863,37744,814,237
129487,17331,1745,318
120563,36091,430,107
112573,81025,1128,197
107748,29225,300,203
82063,49336,58622,74
105892,55563,956,487
84116,26395,28478,186
93923,58732,250,155
73540,86504,762,177
105938,27111,282,223
60221,54564,477,2582
63815,59819,464,9371
83775,39041,13764,172
102405,38630,15841,212
108774,30641,358,74
61223,68824,16555,414
67361,29247,216,70
119710,56547,692,4620
158295,31258,2473,123
79139,24929,388,187
75987,29757,1031,321
97877,33652,23132,188
53766,33110,1431,2582
105341,50101,428,324
133172,63260,1512,125
177359,30507,882,273
94037,36947,529,80
116588,16688,32128,201
91204,41124,22141,113
96034,81782,2293,375
90695,36092,16797,129
104317,32736,486,306
107380,21145,21373,28
119567,30695,1740,104
188505,28329,24642,169
99424,38883,548,45
77287,35721,31557,90
119331,50459,252,1281
165239,29224,284,262
87553,58906,1780,151
136459,22453,383,169
103126,65718,4739,1106
88930,47541,339,81
74423,37985,1071,275
94066,62465,4547,80
101185,29418,611,211
95178,44890,2322,391
80068,59938,150,291
102333,64843,262,81
107520,46557,16530,112
70699,42032,427,200
162729,48158,8366,211
75137,57392,264,332
145088,47327,1651,48
94207,23734,326,182
128562,54277,1583,759
49446,47241,634,205
94643,11618,4688,890
122392,42580,322,4070
90146,45676,117,158
116719,40191,695,50
92996,24782,17931,82
139505,156540,223,173
104668,16236,686,625
90647,34917,1484,63
92500,54318,145,405
79288,39284,626,249
91094,41284,570,231
103701,61791,18793,294
117932,27790,7634,515
84838,30091,27123,92
78265,26951,590,164
92050,26334,728,94
106662,56800,1304,123
85138,39409,533,71
110759,37526,144,61
107438,58770,535,298
120174,24224,942,126
52820,44979,391,3789
125799,22619,261,385
70994,21390,494,105
97343,31573,874,100
179393,43172,600,144
53485,37965,551,531
92200,28422,19130,411
101811,39552,255,235
95420,38250,137,301
122561,30034,585,278
138841,43854,761,1648
121783,61200,305,221
115614,52831,422,171
92612,36119,370,287
91422,25465,686,600
147715,66426,4924,48
90832,54461,393,73
110620,175804,828,112
97714,50890,432,89
121371,18739,4671,469
115535,40499,1029,230
98326,48526,139,198
80212,71451,24212,82
129797,41623,11197,145
120029,76657,1278,253
85573,25704,826,274
138294,43004,41,311
151214,67099,933,144
93777,62194,22692,367
119702,49946,316,1919
165213,46700,428,333
104311,30633,368,141
118372,20047,406,211
68750,42425,232,203
81041,106651,819,173
129082,28136,468,95
74685,18264,385,303
122679,26971,11346,247
193336,16850,12683,145
69675,33734,536,138
82193,65062,1659,155
63569,38247,8537,179
77651,67306,943,157
136762,57180,316,111
53843,74105,1816,141
147404,45084,21131,828
62624,49646,433,102
58001,86632,880,256
71878,80658,323,81
128007,35446,689,63
136625,42328,1632,463
97429,30419,210,56
108556,42052,437,125
66430,32823,20169,324
108953,47306,1083,154
125053,34608,279,56
95410,47630,871,65
153115,29759,343,386
93675,34196,239,136
91296,34093,2375,225
80771,47042,316,124
148343,28812,11197,105
149938,75217,1125,127
95068,98186,462,84
135579,53434,1495,436
79605,44612,17132,296
117513,44330,56978,88
134858,36873,1038,45
104095,16032,961,49
81358,58049,641,123
97821,34579,15266,218
72252,32524,19028,296
108961,48398,2162,269
82606,26698,839,72
132940,52365,16231,39
108248,23875,450,173
73651,28104,619,112
131315,40206,832,120
93767,57348,2318,144
84372,49151,811,467
112306,49304,235,153
134877,79475,3282,103
112241,29463,554,41
71280,46121,1142,190
99173,23772,1462,69
84844,21607,1086,500
85759,30188,569,113
102366,72125,384,153
83968,26496,1115,171
162480,40260,398,205
69454,45828,376,138
79743,42480,1000,139
71844,30207,143,228
128152,47042,16527,155
170417,52910,9857,235
58928,36733,613,75
78453,22695,204,61
95935,35894,2038,109
181512,31241,1872,323
73925,66150,377,257
94061,31986,517,48
89837,18925,23103,370
95587,35545,659,247
112712,32333,432,236
78533,54134,34016,2859
78431,27232,988,216
69058,40578,985,416
73586,38984,1316,2045
95085,25755,925,112
87849,69186,454,176
84904,69879,90,154
112633,30483,191,252
99119,53488,119,220
107949,42286,7488,132
78501,56860,162,107
148058,27072,42169,177
79598,32597,735,106
114763,53873,909,500
81848,24317,16894,171
180327,38702,1407,166
103196,42965,924,263
78335,37690,1670,263
149277,80052,485,84
179305,47219,1051,362
65987,50905,19017,435
195616,24287,17489,229
118467,56307,309,84
154293,27469,1804,2129
73443,68727,1595,64
129155,55455,299,366
113968,54103,1092,106
68612,16528,10405,59
69105,39528,282,125
44370,57548,1071,62
100628,45899,772,189
70478,25219,3524,395
102367,48665,829,61
130643,31455,21176,328
88807,41512,918,151
138279,58934,373,111
129796,41863,317,272
132741,21123,29778,207
150477,33880,123,241
76349,32343,270,71
104618,36355,34953,147
149094,60407,2491,160
59577,79043,477,3276
145861,50764,1574,59
74269,40079,640,106
87993,48987,18822,86
115347,30105,697,138
134890,30387,1098,143
112864,36399,713,323
95060,64886,1409,294
66268,25626,1259,233
107181,29233,154,67
99469,48645,290,64
101736,39300,4325,159
111149,48054,290,180
99683,44454,1042,174
87566,115704,651,411
107921,29274,324,43
77404,20224,48726,140
76586,27672,9261,98
87312,78498,768,218
123570,82123,319,306
89953,32203,413,96
77857,53066,93,95
155577,36394,3967,253
104991,50140,429,61
70350,22296,693,148
92787,52024,5784,124
127274,32981,98,185
104471,30684,22248,254
90289,33276,253,31
141844,48530,363,194
73914,30117,662,127
138732,24596,2980,82
58004,43118,611,672
96738,42150,37431,60
63733,58354,1546,135
124667,48713,799,142
61772,18561,1031,242
87873,62291,1026,57
101568,50427,653,110
113043,51607,2316,283
170117,23362,701,158
132417,54723,1756,511
113855,25724,1251,400
101108,22905,799,71
119102,27190,152,374
189547,22458,30017,79
114569,63646,578,152
84434,42030,275,161
121472,32510,854,279
104306,26158,178,70
95797,30915,180,212
145856,58376,602,205
111793,48972,937,248
148894,40962,6287,408
79591,23224,765,332
84759,25078,10677,237
119949,28034,456,103
98282,54565,919,45
88132,76364,362,176
118951,78839,147,331
102374,26110,79007,143
108269,46811,521,76
87211,45528,715,196
115564,70129,2270,166
86925,81571,594,79
150491,22439,299,93
81818,43633,200,31
104913,38924,1257,309
94550,21959,977,215
85266,34963,2792,94
97491,49555,432,365
68803,14947,189,140
106780,39376,1622,24
115356,32302,482,83
137349,57596,478,27
70255,21318,1881,43
74492,33353,22389,133
107150,47479,21369,49
68371,44577,244,1035
72428,47655,7966,131
96165,33351,618,309
65835,27052,429,40
78964,62718,9112,199
67709,58771,397,186
102843,38439,873,207
56997,27140,640,168
177514,35425,410,4793
90766,118139,335,147
158410,49394,18985,249
112767,23595,2565,166
84648,33086,225,516
112938,37172,1728,2129
113928,32216,468,245
155252,32200,10356,180
145140,24454,1299,160
62960,19080,483,3154
79766,33404,353,250
63379,59769,370,57
110047,28047,329,1141
83702,66861,1130,114
122814,31894,883,445
117025,30079,825,154
119447,33477,986,173
128126,58086,294,117
98976,50762,254,1553
139398,26775,10482,137
110019,61640,876,255
146794,54693,857,96
68260,22915,430,230
72204,36212,1057,47
125906,47081,1366,74
155700,32937,778,269
123211,41891,16339,944
99876,58628,918,302
58091,51617,1148,296
126188,45414,201,110
148799,23569,20669,217
96749,42904,1643,288
121479,37064,327,123
121139,21687,905,96
109886,63860,544,99
82193,79270,307,293
134307,47871,583,276
89336,38029,950,194
136095,29892,383,91
101051,35098,304,57
86902,54831,426,238
104540,36997,6867,760
111613,59381,642,302
100625,46790,437,108
82461,63459,686,90
64685,45496,811,452
65957,26864,377,228
114768,46501,418,72
120647,65703,536,174
124962,18689,798,56
133780,26113,1170,193
78524,50178,3927,151
91970,53958,416,57
115691,27527,749,208
85254,28496,723,135
79066,22000,469,238
147457,69214,12889,274
111536,41346,256,241
143991,47711,279,52
107914,19209,403,76
180668,44346,240,150
145514,77636,303,130
143775,82709,1878,37
86885,56949,281,217
118638,14061,428,166
101205,29690,216,256
66782,24591,275,74
89856,39390,200,8364
91032,12798,980,71
109248,40727,1082,134
61936,56582,26122,140
90491,47122,210,276
96780,34496,574,110
107717,24811,461,347
95239,41205,790,60
91866,28589,287,93
75660,61592,16414,131
108746,34402,707,60
65169,43712,224,175
86014,50763,270,78
114177,34053,1891,351
58849,45422,2009,1241
118330,81988,7979,488
84789,20399,3861,190
91626,23918,882,920
107315,30248,705,952
89066,64159,1341,72
174177,31100,111,126
156700,33897,37130,277
186931,26741,7177,159
169491,44198,1707,144
101871,23578,367,57
52119,149311,916,630
143670,79825,861,71
147394,51388,216,80
87332,41882,712,162
168138,63161,942,563
75936,35223,214,115
107517,105682,3727,128
76610,17875,2083,130
61342,29734,584,306
65347,25379,1389,271
191974,63255,757,141
92409,70677,634,45
101500,29694,1735,592
158417,32946,635,93
88630,30241,1625,106
95972,63151,1958,72
95033,48627,481,309
126755,31260,148,105
91865,33644,210,114
77654,48591,1768,37
62243,28060,1118,1872
101161,54371,8772,150
90171,46691,353,169
123042,39332,372,52
171276,18890,277,296
67191,27219,687,4096
107226,28813,604,137
83063,41234,26339,274
69435,51184,448,80
94527,38148,848,194
73564,32606,598,215
191198,70087,746,165
120488,39147,29574,227
94049,58511,824,72
108904,22910,543,98
50996,53586,3346,167
98785,30761,10767,526
114540,14980,14100,276
104361,53357,1092,174
90483,31896,995,199
54144,46695,398,1949
51345,17576,358,132
107517,44319,1361,87
85953,76863,1080,208
104537,34274,493,14990
127878,30779,354,14535
81223,82088,753,6941
145585,35724,1373,85
90686,46219,372,147
97607,24838,497,250
120173,42746,519,255
135552,47735,146,134
51467,43239,1469,173
77877,35393,391,325
72571,34769,664,392
79582,56197,586,76
110736,54659,665,359
113722,74744,542,100
86917,37339,352,143
125799,33412,752,79
77214,26771,570,5168
105271,30105,116,201
101516,17095,1841,289
103422,27487,3616,295
80301,44215,4187,396
155220,39769,1135,116
92872,45680,366,171
179079,56405,7965,354
137825,21059,1296,171
89574,67736,456,755
115199,38841,1315,249
77224,40495,10669,105
93796,45986,313,76
87866,19934,320,116
100414,30055,692,4769
127744,53136,5184,110
85909,40449,906,45
140578,33679,88688,204
104426,46207,3540,48
93464,44635,1574,104
104904,44797,924,5613
94691,19759,350,341
79804,37840,96,195
100056,32439,1260,321
107248,30383,967,438
133121,105848,81,120
112224,50820,910,80
89703,29643,405,190
127374,28649,664,240
148388,35893,22625,383
73356,46253,1670,236
94297,24287,230,359
119840,56490,341,366
106269,21012,444,76
87454,67389,1178,553
60390,36080,3110,53
75409,37892,1277,594
326640,27294,415,145
85603,62296,1788,146
99896,24726,540,89
96357,39003,839,1567
94342,47806,234,117
122959,66409,981,138
75063,36884,222,34
47704,29535,111,107
69176,46767,239,827
67159,63652,32217,70
124274,27292,520,208
78317,23291,1670,733
83478,70335,160,59
97680,27042,707,266
82909,56607,450,216
110500,28129,688,784
53540,77218,1148,224
95542,66154,364,266
82827,26501,1286,208
109297,61310,475,64
46649,27095,565,124
130976,26650,12063,169
119474,41067,829,24
72227,41402,1007,147
132502,37471,123,196
74651,46506,11510,90
112388,30170,450,274
113133,48136,28374,106
98824,37981,6313,348
89903,20908,315,148
82686,59920,205,152
144140,36535,948,132
109530,46222,14602,260
111064,53354,10018,130
96784,27742,1613,147
69287,33499,6906,213
102034,53127,237,157
117111,89768,16421,384
84141,41280,1143,138
97600,22702,2887,29
133973,39314,1490,57
85240,50953,638,96
71840,28382,691,248
92717,37622,16363,445
132086,18706,365,606
123556,52862,990,205
114669,39724,1947,131
98746,31057,144,100
72249,49455,21125,929
93503,42957,13549,93
98607,29270,41432,271
78798,18133,1199,337
103451,55510,3011,109
116071,26454,545,173
105654,51997,1620,159
102035,87122,680,210
112457,14690,1226,346
82213,25521,805,469
76884,26086,3744,1796
96032,61012,764,411
107247,35431,1359,85
117533,69556,37475,94
114731,55394,27703,33
139182,46934,352,65
135739,33753,8102,141
76926,22320,385,386
119753,30625,570,179
113545,43777,760,162
103688,49904,412,1663
117724,54210,750,217
144180,25535,337,489
117043,49795,181,143
160562,31389,488,37
145466,72231,913,223
134569,16685,13517,174
111996,67108,838,5732
131161,37892,6716,1511
136286,80379,1101,230
98865,32808,968,214
113649,22450,326,552
70058,65233,1230,60
138343,83124,3087,88
152023,87621,671,559
98587,64261,1782,54
82855,41882,23164,101
78876,50554,965,62
104403,18427,723,240
173381,29283,17349,146
139591,61967,113,94
145291,31488,879,112
77859,28673,39308,154
61009,39218,661,104
116963,14628,711,64
87766,52169,24370,114
95190,58842,1346,99
100131,25423,1462,488
142617,43316,6252,581
81590,49496,1430,394
69188,32391,1087,3748
144477,43003,779,449
95788,23360,1796,33
103488,34687,202,95
87103,110843,497,74
144637,68934,484,3815
56746,47125,5850,362
72859,34404,384,190
75208,33976,231,193
111167,108543,1210,67
78808,47686,393,182
93409,115599,1391,45
78666,16184,1676,216
164005,38165,1282,102
109663,59683,280,45
123265,51188,166,648
182457,65440,778,250
108760,17650,932,416
132255,58608,175,326
86097,16723,443,731
84707,34969,277,1052
86594,34141,815,140
121115,99914,805,2522
114430,65456,645,177
102725,24890,326,662
101014,36000,146,107
63273,53103,1012,237
179714,42126,1023,116
115290,15599,26241,188
129125,29145,573,100
103450,26686,248,153
94913,69346,312,86
106089,41666,295,324
136478,30906,596,47
136616,17434,543,435
142298,60838,19537,263
88688,75800,7908,318
89408,37657,725,71
89690,54598,379,301
163399,56715,1852,272
98553,31235,507,119
83875,33153,964,182
86886,36577,19438,170
107316,55755,7726,169
119262,42872,259,212
73733,29332,5969,109
74566,55286,514,194
78982,41098,868,195
91143,52358,19108,602
101244,32353,203,525
96619,25973,442,113
112947,32458,96,151
133887,24498,54206,407
91896,44404,372,76
82493,27534,10447,74
117567,38733,125,47
86551,86294,1020,325
70983,39050,355,143
102162,32917,2968,53
116616,44823,1506,76
123870,42788,1533,238
117805,45443,497,133
100207,35381,2270,823
110767,53830,333,157
143752,31413,893,213
68575,39814,372,54
153645,70659,470,119
91318,55634,1126,364
98238,45696,1697,226
113939,46986,861,37
69832,39836,15011,103
140311,30974,7353,423
72409,26805,1757,1063
52321,29834,2972,222
90447,33984,26176,79
71644,23142,838,391
149204,43767,928,130
146419,55923,894,94
82508,37989,727,168
68848,74182,1673,87
92347,28432,512,176
147799,51788,7256,300
107696,50713,3818,87
66874,23674,291,358
83601,45153,3672,231
101192,21209,7590,93
163007,85842,1991,125
116112,25056,1904,3751
60606,33544,228,180
61895,30030,595,24
83303,31373,519,168
126025,81304,202,488
69371,51283,4041,878
146792,58513,415,63
71797,67200,1465,212
85476,23812,185,41
90074,29553,930,169
92383,30914,8602,432
76506,36993,6646,288
148013,63902,1276,347
91920,50570,356,110
64260,29141,2256,208
80845,66682,34693,192
71770,26191,20986,171
121627,14080,133,139
110023,39557,14807,257
69000,47444,777,113
90408,42512,9436,140
102310,84877,2045,36
103044,25412,1007,55
150197,41206,542,198
80161,52616,603,57
159804,55340,7618,682
64364,46483,412,62
96049,44556,1086,91
97290,27033,128,50
110364,40559,803,55
66184,51416,616,98
69720,36758,236,750
78565,29588,811,90
102908,29487,1376,119
71036,48775,14374,172
126164,33095,262,74
63260,47910,1776,93
101051,44418,655,89
192264,19351,250,61
73162,35801,1265,477
108623,27120,170,164
174676,46253,25837,175
146886,36655,616,145
74012,40623,39907,80
76936,86932,1512,251
93677,29084,429,221
109824,59098,1002,244
114994,59979,9092,103
83893,40856,931,205
86183,32197,1209,131
95131,43288,28552,159
67909,42730,3572,44
98296,60486,27968,128
88666,30650,521,602
92519,36380,224,265
134614,16085,26492,66
96011,32626,805,114
99505,20069,893,393
124794,31374,2725,93
96657,43848,838,163
154837,33630,1862,163
71021,50108,250,291
96216,58508,308,366
177110,39426,927,196
76511,38264,32600,408
90982,59520,230,460
153949,24934,12413,604
70038,24734,409,135
101236,35824,890,144
140356,59608,212,397
84900,67560,1858,124
139643,18050,565,93
101726,34251,330,195
80260,35282,18759,191
120467,58362,413,50
74947,49825,4872,167
131801,40439,180,283
192177,35395,650,32
79138,39864,1257,386
78484,46660,232,215
78032,27592,276,142
122427,29538,813,284
123980,44001,15655,47
77340,30346,1246,220
138636,29000,4089,185
82405,34947,1312,288
103655,33200,463,176
92484,40741,41382,474
55012,50331,1248,470
138643,19250,669,192
152500,47258,176,47
138733,41541,18964,8465
107475,31594,985,6037
87352,49824,563,206
80656,70984,472,54
130493,16142,21328,129
89028,53950,741,277
105318,43996,30730,155
64308,50534,123,133
165321,40718,398,38
73370,83707,2652,102
80500,59301,1936,482
119687,23781,816,256
83816,51930,466,158
70556,45142,1488,2821
70901,140048,224,175
109481,25207,253,356
136465,39232,408,281
134778,44442,385,149
92626,48929,9375,128
151252,39431,3719,93
120363,30105,371,143
148709,99357,1927,266
89919,45235,679,90
131178,52661,24191,130
83934,50486,200,355
121718,60664,974,37
84216,27518,23447,82
80730,55822,631,191
120962,63220,1072,106
83399,29124,17423,275
100717,56159,491,169
88566,26703,1065,44
128768,36843,1357,204
103051,30589,822,75
140469,61432,846,145
118185,108440,867,114
80463,63265,496,383
63500,62645,46113,76
100095,64846,1962,69
89724,52204,1901,197
107696,74269,529,262
181542,25549,245,89
88160,19040,300,384
121264,23603,513,132
71479,30118,717,280
103618,32021,820,192
73555,22795,151,209
52367,38577,9802,134
173375,25978,124,383
89303,62470,2334,161
117907,59391,845,332
128687,53348,2955,620
139720,79376,1414,453
110665,55167,25076,89
62170,36147,22064,1729
120826,63420,2413,1141
92731,85574,526,165
111334,42807,1530,80
102655,46314,289,123
115606,25656,14525,344
143637,33291,617,151
131456,33343,863,2121
118996,41227,1979,78
61137,38814,2513,974
59896,30586,12570,127
144350,95256,1172,404
142449,70691,303,89
142027,27569,564,235
163767,32053,843,199
103477,81380,360,128
116596,22897,1230,137
121129,47416,336,322
125607,33837,896,80
206330,33510,379,4749
93218,72336,2428,91
116154,26947,13898,300
139119,30088,5861,118
51664,35203,18262,131
89076,18265,367,646
139045,57609,163,526
91473,71705,28318,217
87657,42767,790,180
70169,34325,379,503
75779,40549,1011,136
133788,13636,525,89
99939,28900,497,228
71942,24878,311,155
87970,25471,644,176
145947,74220,226,142
113897,41605,11458,248
114018,54301,523,214
87451,76646,852,236
159874,54961,12606,113
112135,39612,362,145
77393,20178,253,80
109154,33471,22788,259
119214,53087,8547,104
107660,54533,328,93
126646,39680,870,100
85466,16228,2839,142
97987,27508,15861,52
51264,37056,1470,226
110315,28423,376,85
150247,37805,33340,245
92763,56931,1124,118
81616,41741,14815,403
59633,22055,970,122
141076,40096,2099,146
61115,69349,451,126
39972,21351,482,312
168194,17218,12236,98
98842,67882,4108,67
122988,64138,655,265
101104,50833,611,7720
93778,44328,764,79
88473,42525,640,323
91006,55533,407,120
84945,62944,1561,124
51463,54632,32151,158
79849,48269,2606,118
107826,54870,769,127
163084,41325,675,316
84876,34707,1447,127
105973,29244,9212,213
179405,44937,1545,1733
84662,34191,735,538
90409,45989,26880,293
99812,69450,164,439
106910,43810,606,156
80208,46927,24601,111
51851,19159,2453,143
92857,62900,1370,65
117380,24673,4753,172
85597,25748,1153,88
83671,46211,980,173
142726,26358,8374,298
120315,55920,559,232
102590,66954,4684,218
82151,49669,11852,107
123128,38307,1017,246
83370,51268,169,741
126637,29994,523,93
81851,39299,876,143
80207,61752,668,108
104060,70588,9869,73
94451,31609,338,73
62587,59039,1120,96
89922,34734,657,156
134243,29485,770,246
102710,44147,130,114
120605,80662,186,2187
61493,57674,775,165
113681,38238,223,67
104294,37804,1313,374
110413,17300,10472,294
89205,47550,149,180
110404,24905,308,1152
108530,13836,801,110
107716,19697,7031,145
59138,89512,20996,430
107408,36075,2723,398
118654,31415,1102,125
151809,36743,765,110
96110,31741,1063,331
142711,43290,475,164
99911,43720,1440,696
94171,23931,973,351
89173,25482,189,231
108837,42870,1549,73
218570,16253,221,118
118276,32356,490,322
87407,83549,15216,301
117780,22154,1591,257
114071,47431,19929,177
77294,20830,2251,98
120653,31325,420,227
102064,9800,10869,72
78338,42337,843,138
64987,27986,1414,137
120772,43893,523,464
89142,43949,7021,2651
97642,33657,1192,161
119192,41838,11467,64
61894,21018,719,266
102057,31736,174,465
104544,47462,294,112
140529,27356,334,2129
84099,20158,8575,269
120060,48411,1113,189
80637,31529,307,526
95446,42668,422,298
119415,34124,5629,264
80457,27075,221,36
79480,46325,1317,185
96050,27369,391,127
78408,34772,731,109
79050,78461,2671,90
96058,31735,263,73
113446,40767,300,109
193258,60586,835,295
93372,72011,373,164
87195,30580,995,139
102384,27019,487,139
184780,43284,1932,7696
62388,39958,162,144
136714,47616,300,184
89340,15256,2399,61
99058,19313,666,126
98883,30900,35744,152
88808,22147,586,340
153348,28976,38772,128
97336,23425,450,391
118315,27883,378,566
117784,72916,1001,103
118402,76174,536,116
140124,29831,677,176
65049,40054,561,154
127882,42793,582,60
182747,26311,595,77
128334,55362,32056,420
114198,21849,392,109
114496,23121,197,211
121506,69388,785,212
93962,39302,334,128
92000,48444,886,454
116067,43877,632,119
110666,44769,476,184
95896,40325,296,89
74974,37125,333,173
94150,48568,316,140
144523,45109,1355,56
113349,37213,87799,128
80775,28794,428,30
104216,63957,787,357
115540,55713,746,462
137113,40918,1653,255
69355,18555,1568,99
81182,36935,123411,86
110635,32302,25882,261
162996,54170,361,599
121044,35844,577,3096
105087,40520,1134,211
68488,54908,686,206
93336,30464,169,23
69211,45031,928,501
76506,18819,40294,525
95015,25723,8844,138
100192,57030,948,201
130220,49796,408,34
118131,85919,11458,116
165089,14568,653,97
81749,70000,757,278
108928,37051,12083,68
88575,57334,459,190
157922,55055,313,139
74942,27614,1565,80
98840,33790,811,384
82432,29322,6076,53
95256,30320,303,128
74380,41356,558,90
89092,76861,15556,74
76514,60778,219,195
95085,33940,294,109
74987,40325,625,158
122627,18257,21508,3063
132420,25026,462,129
119860,42410,960,131
141369,21293,194,294
110836,49904,352,169
88239,31033,948,196
153529,24301,1811,145
102349,75090,541,40
63542,37591,6850,135
74593,50079,698,518
101167,14388,1109,95
81509,41553,5231,227
176473,46158,1138,276
118514,62931,660,80
80539,39056,553,303
71932,64237,388,578
89327,35664,4133,84
99205,27294,1774,268
85563,55702,1543,312
127137,68896,118138,153
117779,32771,381,151
198794,30913,1387,102
152256,35600,1139,395
166134,44173,20843,95
83034,26097,421,284
88254,80533,630,106
156771,83411,313,73
74754,29176,429,98
105010,43395,712,120
143773,37916,2203,117
88225,94107,229,232
66122,45680,73,5163
82594,41363,1332,1660
77571,74023,156,140
138059,70463,353,37
57851,174353,612,167
145950,85913,20304,526
131880,41707,2642,135
78626,57207,1670,114
99616,30199,408,55
172856,42639,21951,1676
65180,38866,1498,1480
123744,16807,3071,152
133149,43896,33517,132
63440,33223,327,235
63556,61098,1020,1553
91413,69720,500,305
107838,77558,306,61
68353,71067,468,365
152790,35366,4079,213
68398,36008,13661,147
101645,38974,486,336
127809,40775,2014,96
105764,43355,111,194
116734,21513,585,313
125504,49121,455,357
98763,42152,1067,206
57541,41711,1055,173
118656,30935,700,3378
87466,39290,530,292
73916,32168,148,3287
71926,35998,7258,67
93177,41983,360,266
84026,40976,20644,211
85177,67899,422,20
123633,45416,3527,177
89116,57949,539,199
113201,47377,1428,161
124588,81055,242,72
162205,64083,654,1553
75826,35497,700,36
158034,41705,17709,127
88444,45403,14650,266
119263,60535,132,155
139672,56440,4796,168
133528,28328,907,330
117295,44535,1816,87
57430,27572,314,99
120575,48596,337,83
89290,75946,1073,80
118527,50459,1571,4366
79861,46274,844,156
136096,39460,26494,144
120134,25284,533,303
109280,33090,1077,69
116248,35100,1217,194
108717,61482,241,62
140705,52433,829,56
114190,22050,1550,108
107118,58921,1557,181
123727,31554,2054,146
115630,25690,65166,90
55392,19522,124,157
83497,26575,51059,148
126804,32069,460,99
82851,28828,133,186
78601,52846,1283,325
81837,53190,11892,254
115857,29555,2528,135
104882,37342,853,75
115882,47846,52538,372
124357,58398,7747,267
88911,50994,399,1884
102305,44188,13412,239
69851,25198,257,45
132524,26562,4160,163
122583,80867,20001,220
125200,24767,378,420
77479,32604,333,171
143337,26336,467,472
63293,18502,456,76
74372,82433,2983,180
148820,41522,308,5658
85837,52284,383,333
171733,35570,707,231
93332,63920,1048,207
102864,65810,230,102
102357,26255,382,51
102595,35781,267,176
80110,43992,575,819
79823,19282,234,1464
97094,31549,272,43
107627,45236,591,83
125930,55819,3004,38
179224,29478,480,120
133484,41090,581,359
91517,34764,709,148
104647,32325,157,380
87326,49559,361,290
92081,53643,1694,446
90262,17399,586,195
194278,41130,18035,229
115194,31752,2022,579
66958,47084,2915,514
82141,26219,418,2097
65781,62879,6490,176
74363,42904,1260,101
104566,67555,41627,2735
80769,41295,12331,115
182927,32952,190,211
104391,35063,396,125
68402,24948,1638,214
103375,41104,560,1597
97543,41561,4087,123
78833,22993,1329,122
98316,40107,1530,209
86661,34830,1896,92
101967,26965,1615,458
112115,35196,1716,714
85580,58289,279,259
65729,72391,530,192
159118,20147,602,190
173508,45383,1589,139
98236,69372,37810,35
87488,47597,15859,297
91445,25023,654,125
58566,49233,411,113
79353,45860,785,219
85900,18231,669,81
62591,32448,1078,250
186025,34825,7144,68
129575,34130,362,89
111237,35317,248,161
68377,73845,19494,291
117813,65131,357,225
75975,38461,542,226
91234,34585,191,7362
122227,41563,727,96
98707,21257,8157,203
102615,11148,50719,67
91446,38059,670,57
71537,25577,534,100
114548,62221,826,427
102002,29057,364,80
104252,29826,787,161
88576,69588,505,200
72446,36105,1243,177
71678,83688,354,100
137188,46298,169,209
203850,35751,913,255
69275,31476,1379,139
80862,22252,1590,62
90616,34637,1259,133
86513,38626,1403,106
92492,44418,127,369
86789,22493,939,110
77137,20631,20956,46
75609,20162,57864,131
140981,50243,637,112
126740,31597,33121,265
71571,48636,157,84
88346,78044,172,164
104468,17429,441,153
133867,85489,1106,77
106139,18960,1210,398
101500,50676,549,405
115960,27104,208,102
125091,45655,2172,259
111662,39533,511,175
67225,67565,1255,287
143613,24753,1929,83
74379,43836,494,114
85870,80269,266,262
84081,47509,607,70
70710,21774,2262,151
81126,17556,1861,180
82063,40623,515,145
73701,38986,500,7446
142956,70649,1698,211
119219,11314,14616,239
119894,44167,8182,70
51857,53516,789,282
84307,30709,788,85
88565,110478,326,394
92971,68404,1445,275
83939,32889,795,264
80954,39818,711,37
112069,52719,332,157
78581,36109,2125,293
105115,36635,1572,201
113941,40831,571,74
197423,57011,875,221
140007,35551,8640,107
155727,18519,694,170
128194,111422,1171,305
116053,25611,399,2716
114622,28862,432,55
71746,40544,545,1954
125089,63099,586,112
76196,52259,1907,136
58273,26672,458,318
150591,48520,1135,497
70202,75632,277,238
98351,38516,321,160
89107,50137,1444,224
136370,43780,264,99
101610,72945,335,101
115918,42484,937,137
101026,42094,671,358
87665,32522,297,76
79623,14739,892,95
110864,52532,1046,221
78666,60110,8079,155
150150,43300,498,217
86272,65541,8358,190
87922,82976,906,938
84988,21674,822,95
96640,31479,8395,51
97965,108015,376,86
92765,40169,1305,491
93268,19163,523,530
65115,53460,775,111
139278,25066,449,256
125919,27870,722,136
177081,39738,817,233
70891,27977,1477,60
112035,41180,2124,248
145432,31356,5394,116
110236,58212,155,103
127053,62045,35896,118
75415,24930,10249,220
104083,25310,548,100
101475,76994,212,71
118515,10909,1327,181
116744,21698,14448,174
80417,39209,1890,300
80643,49178,521,222
108855,39155,1040,44
119747,40619,197,334
84850,42038,15904,235
67799,53624,265,244
96763,36303,788,65
144796,82439,342,269
118355,88171,198,77
93886,31174,709,63
107246,35314,898,84
150528,56642,817,61
57328,99521,1262,346
100895,77514,172,173
66925,60411,345,113
113673,29770,150,79
106235,35072,1691,104
98310,39039,15662,300
143167,62582,194,224
103890,20402,701,166
45417,27616,552,65
134076,32424,1716,73
192072,43669,1568,1456
109430,45672,464,268
75590,30758,10518,469
104680,62228,798,7271
105556,24778,3744,78
167535,43632,1143,208
114721,30391,1022,198
85663,20116,183,407
112253,46041,705,524
125309,21122,366,61
81919,55370,254,185
103024,22982,7616,153
93728,65786,3423,59
88967,34222,416,128
140618,41668,314,228
87779,47213,7150,31
83477,26328,11870,156
103298,46065,24854,112
137634,43841,824,293
123065,29599,7333,56
117484,35517,7851,118
142561,17344,403,213
72021,22753,361,191
69588,55772,3375,214
61486,45842,264,118
111725,53294,24470,83
83169,63912,12569,338
71101,25968,632,303
106694,44313,18385,149
118073,37707,902,84
123561,43674,958,2095
63676,57572,2987,971
97317,44483,690,227
161116,43121,881,66
107450,25056,219,116
75717,32128,715,141
83304,111338,249,111
109280,21014,624,111
93932,49790,400,1177
114009,22645,942,47
68891,76337,588,118
81004,67141,586,312
96796,40714,1324,88
118022,73315,11148,376
90747,33751,1053,110
108732,58791,410,99
98656,59939,888,119
87498,39226,367,297
74038,38259,342,238
75422,33546,3306,1355
137627,32131,239,328
125650,44408,3894,269
91631,83822,24567,63
96093,31382,357,135
96516,36894,10484,210
138927,50929,1390,116
80622,26821,402,173
72363,33778,13748,302
116791,35073,1700,244
113451,48491,581,3083
91950,59946,607,66
174988,50519,934,180
86578,43008,333,141
99284,63173,366,58
131020,59020,1328,348
116403,33746,17515,499
128094,37295,170,216
141618,28633,44537,147
84544,48217,384,98
133945,46881,934,128
73794,43140,14814,270
97005,27031,118,140
186078,30298,19629,309
111350,29110,6374,207
107593,48026,341,345
88309,52725,535,198
75137,47005,10828,82
106641,45767,336,205
62071,67949,851,365
104858,50331,290,45
75184,22191,270,78
99034,32515,536,233
139041,63487,2009,263
90733,21932,331,86
135354,35128,522,91
81676,52140,502,59
130281,59306,2542,398
171187,35025,693,169
76617,24503,441,3329
120357,52550,279,47
98472,68515,1499,190
83178,63794,1525,482
104583,37559,259,536
70485,43131,24675,288
80103,62738,162,28
91855,32721,986,97
112724,34767,801,71
83682,57111,1326,156
97705,60075,11205,24
73036,63789,1821,2602
113199,37899,1392,285
64650,37984,1755,210
92255,33755,10635,125
82709,43374,1254,72
112973,23198,895,168
79062,35867,1453,91
69373,28854,239,328
142212,33541,1580,124
122200,15395,12758,185
91175,38743,219,238
110594,44352,1152,122
108432,39710,2468,197
90069,20707,16589,528
57030,48265,2388,52
122967,42641,222,68
108423,32186,53941,100
134571,30420,3218,351
103391,28374,1144,1711
130337,40616,1034,121
55465,39829,728,82
133411,33367,1284,2955
104952,48262,2248,66
69235,21984,1475,1435
62090,47931,14911,505
121177,76965,356,243
73659,24708,498,172
111792,32945,1699,342
103177,37371,3548,129
100986,26080,1425,807
178613,64238,540,42
87657,36239,1096,97
102740,27927,325,75
96796,33094,3171,343
150193,12502,1279,413
113047,36338,31243,97
140370,89418,20791,116
97406,29291,923,100
97559,93041,1888,342
99842,94603,1530,221
108725,21779,2907,106
101776,26736,950,120
104279,45817,291,221
82446,27961,19973,88
94502,101880,1029,266
139568,35549,265,207
93201,64183,536,155
104879,24446,1103,46
67822,55114,532,84
107672,80231,140,92
150511,28251,456,168
100267,70309,150,241
91538,22563,990,148
70633,38356,934,114
103600,44147,1059,407
141178,83414,381,154
52697,50829,937,301
70028,22243,1425,63
106813,53436,1769,260
129334,43676,2337,103
131528,58784,13040,31
87358,28905,4192,258
118647,49725,988,110
127191,38559,2250,207
87875,57666,2167,41
98392,50671,715,190
111953,50621,261,474
87853,31024,2348,123
76192,56002,5362,103
87732,73354,12351,529
118487,49594,14727,132
94077,31816,519,203
98053,31206,952,72
81318,21790,21622,2806
118863,33174,14759,214
128810,33148,1593,182
76566,44289,376,130
126257,52545,4353,126
142530,30360,11586,282
92855,39948,291,269
140643,46326,64,453
69812,51303,204,142
82970,27049,447,1913
163070,71420,240,82
108193,55869,3125,99
143752,29648,555,39
125427,20683,54295,85
124641,91892,594,189
157636,34472,22729,158
81098,32890,246,199
103188,36207,1001,4319
52707,47807,125,55
107661,41875,977,384
76766,43758,15391,152
80178,71692,496,163
136535,45342,1108,202
100730,45217,968,50
89877,31171,349,99
159910,46037,6138,256
97570,34333,535,163
81546,32084,33096,120
202870,11374,21866,203
114233,34925,9111,192
64080,45919,933,193
114046,44505,547,49
79615,53486,589,146
138500,65239,724,113
77189,37945,16913,101
66011,20310,70,11498
113452,44090,1265,238
134497,62263,837,97
98791,46054,349,92
150707,79870,226,2138
122152,85227,39344,204
90183,47641,622,70
87368,48263,1168,4329
96609,25219,3126,55
109860,63333,748,381
98461,32207,31371,135
133712,39339,300,146
86034,19301,22014,1396
99041,30626,20624,334
101093,19911,1711,72
81024,28648,1561,153
139460,53549,283,215
77716,24712,447,372
86968,43869,256,140
76269,36191,33638,96
109782,43645,329,207
78359,37536,28338,346
89733,83320,260,84
73982,62309,494,65
86152,47729,16713,409
114681,61391,1449,83
150053,14259,14536,285
77873,45077,2857,89
101144,29743,87522,478
110726,18686,991,369
84342,28221,632,80
88739,39021,821,326
141938,25512,1551,83
122441,53093,1484,81
113262,30456,24213,2636
129063,37229,32514,169
84484,47797,485,143
145303,54167,151,205
114842,51509,262,100
105524,38092,738,217
87265,18027,1477,147
103814,38963,421,54
80407,66822,767,313
138682,38184,378,2198
92284,50052,910,203
144497,51807,216,258
123326,63250,12200,87
74420,92148,448,119
46083,33850,955,256
120798,54383,171,615
121016,68649,689,168
102920,117311,1308,62
122651,45031,16351,155
68419,34658,244,239
124833,19717,260,90
146636,31879,2600,144
90831,38914,118,45
95605,47038,14640,254
100984,42919,460,158
88614,43235,9333,105
132715,25593,687,228
57282,26020,14632,180
213147,45939,400,95
60468,33344,299,43
89674,51873,866,276
135230,99929,522,80
92674,32284,2624,247
140566,35813,50074,585
113299,20587,235,30
144997,34353,82,76
116518,44423,1269,78
167918,61062,791,323
71228,31957,3868,131
89040,36844,21729,402
63136,46491,1021,275
78308,76294,7753,209
101266,34698,275,120
89299,54740,10686,60
93988,47134,592,102
80143,42374,433,186
106547,30542,6844,231
71463,56150,194,265
100834,32580,248,76
93831,34308,632,230
94994,53681,36620,107
101871,62156,8008,6345
91887,40588,11729,37
188713,24634,1024,378
111635,80652,236,146
75073,60629,5596,511
94769,36782,798,115
115289,38457,631,61
82832,67387,3870,361
76648,44863,8795,541
119661,41195,467,590
117956,50860,16619,352
117250,37629,17163,172
58348,19146,12891,236
109004,37759,1747,44
143430,19440,887,95
146542,40197,194,331
132184,52814,796,107
116359,24302,248,92
111022,44027,1011,155
117805,29474,714,30
136356,64247,379,249
100534,20241,774,304
78256,18739,278,75
93960,44481,89,2864
128871,43834,55629,228
71774,80660,8910,112
81019,50462,1050,180
109510,46404,621,65
90260,46051,7083,126
92455,24792,321,873
99597,20700,9406,396
128294,64679,835,210
79982,33831,517,124
105590,51757,401,122
86602,60659,579,843
82824,33856,260,214
84157,43260,635,937
114730,27232,6578,35
75188,66852,1249,148
93333,39322,251,311
112875,67812,9120,241
102023,27156,58239,363
93727,23411,971,41
130553,16466,3572,302
94767,65295,175,37
73799,53384,13622,128
121348,57528,1068,123
109697,33210,20134,10511
114505,53494,1118,363
93817,69789,1069,72
84610,58194,5422,134
101955,26341,697,256
72256,80682,944,174
124622,81156,665,33
90859,16093,453,1546
125069,25536,346,81
64750,57199,456,400
69671,23522,656,171
78098,28763,484,104
123775,41950,1259,40
72079,45196,11431,321
171770,33428,849,464
76341,53123,205,144
97452,58974,1541,268
89712,32120,2557,286
76719,35716,2691,106
101954,22391,824,117
91530,26190,154,138
130825,18730,169,278
52880,38617,992,2819
61643,25461,397,95
155237,22787,1414,274
138194,22505,288,167
66475,30287,205,250
68291,38148,110197,112
95739,27334,505,78
87923,27799,551,113
126543,58634,178,1180
188123,22140,1234,190
84345,23643,665,86
49313,30184,607,151
135260,37290,315,575
92042,20166,553,153
94043,23951,1193,115
148645,40407,297,193
138640,38856,415,179
72931,43139,1459,198
118231,22877,943,130
97546,88399,3523,262
90552,27666,294,107
95293,30976,621,159
80915,31477,21363,412
80566,73233,1086,277
100328,16039,758,199
104100,81597,150,209
141112,38523,31408,159
92870,31525,1561,104
136360,46658,621,82
72509,42766,1333,98
122583,79963,3027,122
106319,39286,9786,64
86293,20588,557,186
80348,34304,670,279
116020,48470,312,147
72264,49312,1028,447
71002,39960,1365,90
87910,44518,1946,246
53829,51567,614,237
137710,42035,741,67
84232,30762,571,195
149788,26983,2468,55
62980,36458,1138,570
100480,36263,908,73
113228,48667,2445,119
93954,64815,919,99
157689,30672,19668,107
128075,28098,426,521
118527,51780,722,242
133393,37922,70132,301
137420,62637,1650,379
86747,35657,475,67
93845,28396,12340,96
94139,70102,180,104
161290,36225,3922,140
121498,15233,471,5244
76944,26831,2278,236
101044,23601,568,94
92698,43163,151,374
62472,34974,720,79
114463,86947,580,28
120801,25015,213,157
173297,28874,145,212
111509,34102,1280,177
79923,45445,597,560
94139,47577,8262,75
90680,21384,1514,168
88265,29848,483,252
99361,50815,727,4193
72448,55985,16553,205
91352,42575,365,191
106799,43321,1904,83
135108,63299,10751,163
69089,40540,13870,243
123481,39044,286,139
76614,29114,6887,97
111277,82813,1299,96
68542,82295,1202,222
165953,41510,469,116
140636,29427,16509,216
99321,48621,382,190
78652,26250,1912,48
73052,53902,8335,133
86485,36407,3022,84
96622,65250,724,204
63728,37382,521,138
108259,28990,325,164
147773,45486,5708,583
69262,37739,1558,94
101125,67171,2673,306
94449,49104,1932,314
73689,27444,709,165
87240,19955,449,111
89124,35447,219,182
44403,42996,448,178
146124,32762,7842,318
74243,44685,351,102
109782,21571,83904,136
112474,31469,644,35
62503,52518,29789,114
97996,45348,1345,51
101190,87874,75,107
106906,40738,274,186
137106,44881,561,120
86814,40157,455,233
65079,25257,241,301
103695,21844,739,2474
132624,36040,252,148
117472,45467,2165,310
73979,60659,10643,1213
158170,55130,59128,72
72283,32868,1265,133
113950,49376,186,311
74208,63211,656,383
69784,38560,1215,42
104672,33774,1717,123
90412,45331,163,130
51288,45091,166,300
103920,37967,605,230
116066,37375,146,163
99750,35598,4294,130
145698,49520,7698,159
65998,36980,14954,206
111151,45840,98,86
74701,61741,252,96
68423,28986,655,187
67741,23904,9790,101
81536,38309,140,1534
145814,38387,19644,128
75144,60688,597,117
103651,52277,566,165
73794,20108,21207,234
70234,18511,4009,47
128968,37266,2230,211
93732,60427,8098,170
148641,53223,17179,108
69925,50500,698,230
76709,65178,60,416
81849,52714,265,35
77771,49938,328,263
83808,49457,4591,187
60605,36873,592,236
135764,25175,2015,165
99395,33199,7184,547
102885,73730,1264,308
115386,48800,6784,67
87359,64400,697,247
135867,30848,739,195
65247,47205,450,1290
68831,35902,516,74
71585,52159,11588,155
113110,29919,43791,190
110391,23546,1246,224
161289,54974,20475,156
110848,41278,249,99
106742,21149,468,728
110995,92233,902,196
136876,38115,954,253
115120,46003,9254,235
95665,27451,411,320
107292,32802,16794,86
58015,49441,457,278
133939,29239,690,5158
111210,75013,636,94
56798,34691,422,281
103705,29774,1033,81
94995,34787,7391,139
74233,39868,2841,102
79674,45232,359,327
117082,46787,312,842
144811,41828,384,343
136137,56087,888,337
78319,28188,563,357
100042,39135,206,249
86255,40926,128,448
85219,21322,975,76
119966,70331,341,46
85066,58453,12165,66
107079,54221,1268,100
103911,43444,1627,110
128126,41531,6314,63
107264,24892,1079,150
99407,47301,1670,78
115284,57285,486,336
103227,38982,16608,309
116121,95505,6167,258
116758,47761,18744,501
117515,50128,2664,273
52303,39527,28121,135
131257,48298,1633,344
100721,21517,17277,567
101680,54345,1046,2812
96305,40123,206,204
105212,28279,32514,76
121765,28588,10961,1902
104456,48444,204,1906
121439,93693,1030,168
85537,126754,884,152
111716,46245,967,102
76628,61177,752,678
72009,67463,4698,413
99373,39625,378,86
156532,59007,727,110
105618,86027,856,522
94406,66925,954,63
87324,37289,727,3297
95926,54650,557,121
110654,17854,1683,119
96820,72933,870,429
114664,30664,388,83
168691,50775,466,99
73580,24889,1522,129
173909,91664,853,43
86338,41547,11736,4463
100978,60503,14273,423
145935,18809,126,179
125491,34875,968,124
113184,50250,48099,163
86975,46254,214,474
155503,65568,574,93
132237,45209,1141,72
78076,25430,1768,75
118759,30596,314,448
68387,40329,1451,2690
178042,38430,2878,4071
100709,31698,471,472
97476,63036,758,271
147526,57211,1194,157
83054,31881,347,51
67574,47313,1135,119
59467,45892,678,256
103226,42065,545,268
87749,32598,652,158
100328,35892,9965,36
107197,39230,1373,86
179472,37730,31858,141
68119,38053,1282,90
102684,47333,357,145
50847,85132,814,288
97778,100869,634,172
81483,73420,2106,59
68873,61386,398,160
113339,33399,762,400
89702,22680,1261,56
147771,38537,4749,39
69430,51109,1693,386
140609,59697,219,351
82227,20170,2746,238
100601,77234,700,190
143019,20616,503,177
101167,29159,129,276
78824,21827,47288,340
120913,33915,1267,269
62767,34638,480,218
113378,51084,562,271
137221,21425,1904,169
91297,23507,772,126
76152,89978,1346,95
60138,30755,2466,194
115609,51236,6365,123
117061,50402,18264,202
79961,26231,74,401
111034,26371,11912,186
127011,27970,659,208
48558,49464,2031,47
117634,19331,906,340
64125,34927,741,71
109018,43112,497,77
75093,62636,191,203
79639,62125,183,80
79777,34997,353,279
106875,38060,454,377
131900,26596,175,229
123999,44538,1399,149
75551,34495,470,242
98990,63761,6285,99
116704,49322,13732,155
103287,46078,352,329
121649,47626,749,412
61914,32890,550,108
111227,34260,681,306
87881,51054,1088,126
85636,31870,343,96
89518,52501,773,188
125725,24940,185,514
107116,59369,1124,294
86561,79796,923,148
81531,25171,241,145
73545,22476,99,40
115713,39506,12572,213
143230,27264,25333,1211
94262,64505,738,27
73977,37870,1599,49
54723,31888,935,612
60784,34000,779,2155
132332,35367,1395,107
70583,42404,531,139
124023,40835,825,109
85662,39199,1145,182
119490,21875,1963,185
63579,16626,19285,68
109344,34385,4262,75
84612,42308,337,179
95280,42077,28929,623
96787,31086,310,112
94623,35963,443,545
63761,41014,202,60
114981,58068,502,212
59754,20714,170,54
143778,83273,11191,106
83603,55751,485,15
178890,57651,840,176
69417,20042,1192,88
134045,50735,681,186
101497,29971,632,187
63504,61796,1106,120
87376,44688,402,172
160257,25107,1217,55
95385,45107,1034,109
104585,30824,20620,212
85101,44400,227,85
85371,72230,341,51
66256,47154,799,220
96245,42799,5307,107
86046,69510,5004,178
112183,32773,169,123
76878,25768,585,83
91490,26206,8841,204
119128,18347,566,85
119790,23639,182,126
120391,44850,308,491
109504,123667,263,109
68211,25681,601,165
90225,68907,1275,319
70269,37110,11525,426
95807,23491,796,102
97453,29921,1222,83
141158,47260,1563,182
86971,111327,19061,159
100923,32365,1010,214
92017,34959,428,32
111158,40760,1094,47
90580,71167,654,104
47374,40856,461,60
85484,32361,720,93
56321,76372,1750,65
104840,36660,560,88
105528,25769,17339,435
72673,28266,998,467
79730,33829,780,98
114727,50810,584,160
124181,50790,1170,179
100227,74286,1600,79
101837,76809,9055,275
69436,45344,751,58
114197,45569,971,64
129553,34488,728,400
84708,30214,374,155
84772,58041,189,220
88268,50955,2330,186
97585,21112,1440,193
80042,49791,1056,162
143101,49265,1790,141
97225,56016,2008,221
91566,40281,747,195
64101,34523,232,142
178889,40064,339,92
74825,21289,27105,349
124891,47464,748,277
69790,66913,3971,2621
75999,29686,456,44
61223,35927,969,140
206909,39260,271,112
104432,16657,1130,4056
102350,26295,16390,133
116088,77263,1251,163
81162,32116,161,271
127370,61323,751,101
101259,28706,8229,195
104864,38763,5458,45
119456,21035,22341,77
43528,57276,633,289
111469,18041,385,230
117274,60990,6426,571
179105,25445,1198,30
153159,31040,324,406
72049,33564,441,141
142651,27309,5771,291
136566,27197,715,272
81095,52380,319,86
141260,31569,1062,121
104277,19184,12598,95
70036,66792,32396,101
115372,70060,209,169
134546,21382,695,474
212510,38590,220,321
110204,67446,594,121
140080,43998,220,162
88973,42132,512,43
74147,86780,442,73
96925,21460,283,176
100902,67647,193,56
81196,61317,577,231
85380,26188,1908,105
101136,45077,788,70
76655,17523,443,456
117464,58660,18333,144
132175,52701,420,232
85378,47550,44705,29
109133,44526,604,170
110307,29595,789,3162
73673,43381,137,340
156654,30713,1214,154
106542,36238,136,352
99172,25106,6649,132
104407,43409,1239,84
114734,18605,724,277
101193,20295,74,395
175810,30526,1275,1856
103427,41256,1171,104
112290,45163,466,2111
73579,19071,42486,188
146881,22010,236,78
72000,52143,919,513
129846,79286,632,7937
90338,28027,405,94
106776,26370,1257,183
132676,38550,1595,146
106984,15695,31743,665
101188,43042,571,199
133034,61181,691,169
91045,94033,11246,446
124275,36304,270,410
76084,50116,37132,1858
109872,34675,829,571
87266,37466,15529,171
141147,34386,801,290
92017,42416,366,100
130119,44298,38420,178
49742,52049,599,152
84652,103035,1093,38
102525,39467,381,187
60403,27049,1590,117
79849,51896,607,324
74921,84561,1277,403
122197,32614,908,482
98077,63460,343,416
102594,41692,344,2089
217498,33387,572,134
76461,25560,1437,153
124619,36320,1825,165
75989,40520,768,183
112026,36966,453,57
143547,28522,932,225
127542,41212,424,174
76561,44385,779,171
87162,23666,435,104
109693,82641,905,155
112157,25928,146,111
134389,69574,142,134
62152,36402,254,173
105777,58032,703,166
187081,13842,617,386
110872,36655,28573,197
199442,53905,356,296
122977,34074,678,3293
99868,50201,13435,518
62828,35702,23125,350
76930,65597,14088,131
103543,42631,16147,2700
173084,34358,1090,197
68958,35417,445,319
145586,28107,169,284
119711,34612,396,90
116208,42041,740,191
128084,50986,38553,86
160277,31109,892,221
80449,27565,7143,465
101359,35159,6267,235
81002,43854,171,204
90405,31274,280,156
72535,46405,409,74
68082,44334,676,116
128790,52446,417,128
91112,15283,387,327
119258,56171,9823,251
142652,23814,942,59
84774,38234,45405,305
83107,95655,320,108
96232,15572,338,76
162163,35245,1781,48
146351,40897,384,81
116995,37107,629,111
129203,54016,754,93
125185,65129,371,254
83467,53503,165,257
114166,49490,109,96
102981,35481,1516,142
126794,34800,1037,215
170324,71472,45200,300
61855,34463,701,239
73269,46318,13039,189
86951,38454,429,74
79210,53232,8816,1339
154385,49439,484,516
115975,38816,859,72
109328,28600,56926,114
76838,58870,779,80
96396,52351,20920,44
120557,31514,293,533
124467,64745,256,2682
130996,74026,689,250
96162,36153,772,131
139976,52138,22522,349
89098,84541,1568,366
134507,42413,322,79
95346,51271,1164,133
112132,22694,499,187
110316,29044,14551,47
103457,58385,243,108
81607,25695,33044,196
129551,54095,1105,278
119354,107021,33478,96
96389,23154,206,167
94484,29666,3129,126
99155,20178,965,112
105103,27241,1181,228
99600,63672,856,261
86792,15729,43468,40
95381,71247,3468,167
193699,19729,479,109
83972,17586,6519,210
121212,24260,13322,79
76307,57657,665,340
69123,63577,453,180
153489,38285,310,383
65812,45028,399,168
90864,21555,1435,116
133053,45275,416,128
98955,55672,697,73
65927,37102,917,167
69853,75427,17127,170
142779,36094,837,63
94190,34728,232,160
114964,28899,196,127
90651,71928,1156,83
84778,73091,13583,129
91580,36902,25919,299
77715,62847,326,429
149878,28275,2503,51
128325,50714,1080,197
78986,62347,15454,400
60677,42281,6051,213
62779,29215,51575,73
90230,38517,1860,226
113660,24450,908,201
128364,45280,501,43
123509,29889,759,113
73101,61021,24183,127
56794,44836,274,123
103572,25163,607,130
87010,59906,702,444
89402,36147,16483,360
96289,30853,188,150
154091,47381,1007,125
98602,62360,11852,170
84263,47340,1856,56
58320,23958,105,19
107522,39318,250,147
71501,31112,239,76
158350,31617,708,334
87454,41232,712,94
98714,30632,7920,98
103140,82452,1774,402
110948,23043,9592,135
94714,28349,398,547
94972,24243,272,3177
115579,57755,2634,132
99144,88566,2617,107
117003,18009,17273,60
73988,27664,1060,126
68323,37408,383,151
86220,97355,16319,190
132939,25304,11081,61
121277,36317,304,53
62170,33899,27884,51
140399,37205,306,234
119407,47638,321,108
117275,27706,4144,221
105697,27652,819,487
113223,22846,606,40
147058,25130,9562,566
91569,36912,1306,46
87100,32780,1025,237
104333,31145,2706,1381
98949,47588,504,3108
120336,39285,2667,157
113927,44650,1079,383
92998,27690,521,1199
85361,71721,1130,186
104483,28272,827,510
85276,48944,506,213
158384,29479,1477,58
103074,96403,239,40
101849,41735,482,164
122504,27602,173,153
122531,72608,941,412
77545,95585,311,19
139194,21340,845,188
149766,108919,1639,260
115823,51333,507,103
77616,76299,1107,869
93163,25057,104,391
69733,58434,534,115
139795,48436,15371,159
85197,22626,42511,253
67156,22870,210,135
91054,11766,526,138
68897,40186,458,165
107206,23555,1619,288
144047,41232,185,131
68315,59447,1057,44
133744,33317,144,881
97991,64734,583,76
86750,58870,1758,93
124156,60885,25716,163
111356,73486,306,341
118313,26559,317,249
72653,42600,970,81
96978,72475,168,3417
100333,18307,102,462
112060,70131,2825,150
67263,25481,838,233
85197,32860,2603,186
78256,49319,192,435
94709,62369,999,2779
96098,47735,850,174
132946,36897,540,113
128015,21476,522,30
116666,44175,533,252
70840,39494,450,315
69414,40852,492,2863
100066,46651,652,364
105162,39622,151,539
103708,32621,16413,58
146389,44633,1259,107
59455,27111,1457,837
95074,26682,25651,161
82580,32480,63130,47
113504,54685,15920,259
130155,33964,860,73
81988,27349,247,87
81509,77254,1661,2505
120656,42828,194,88
68302,23491,366,168
97225,35582,2130,106
90680,57162,43496,4536
106322,42510,27582,332
120696,34155,344,73
52030,67254,823,74
108360,25298,1972,476
91514,65053,282,18
76882,17587,174,58
178211,37879,1929,155
68019,20256,501,225
93859,55415,740,154
95597,19328,7754,164
118452,32793,180,174
66342,40751,435,260
86328,47848,890,136
126180,88333,359,533
99866,60662,659,596
159782,48365,9117,105
144811,40474,1463,130
72618,51746,351,4347
140912,103890,1285,730
75631,48820,2045,481
98361,30887,661,318
100755,53299,293,98
125400,42410,299,128
72083,37327,27807,153
112394,70127,11019,337
110826,47057,482,52
119534,72330,2641,86
145902,28268,224,113
134350,31065,1483,2901
117463,52299,12290,199
84164,38789,441,103
60205,32938,146,334
104197,51648,18811,72
134185,41237,1084,185
95979,44850,378,101
74634,32423,768,51
108823,49458,111,202
101943,32264,14842,55
75524,73497,376,275
80817,29463,281,63
52308,42780,998,366
130603,36601,6648,123
112933,31345,328,171
81184,38322,696,211
139601,22720,14365,80
95293,43927,740,202
47205,49324,346,186
77046,64082,397,97
49263,23443,12683,131
59494,25596,2094,40
93234,44156,2520,62
62769,22506,183,278
211820,24539,679,200
92772,37543,1150,258
130559,21266,525,349
57777,27935,798,78
109525,22180,4046,189
106501,41521,10059,145
111224,17131,289,185
102312,94156,610,293
131910,34426,21391,191
96954,79373,1258,181
119900,47673,312,73
101942,31005,365,111
160329,47782,17589,880
93159,48411,12474,55
119029,77012,1287,230
105332,69611,264,62
100288,19888,14016,469
110240,28362,11133,379
120047,20087,779,165
66394,45959,12628,439
71316,30486,13916,120
87564,54184,456,304
151073,50399,501,313
98939,51971,788,155
103477,57737,538,148
88620,39201,99,119
249144,65521,1322,111
94343,45941,469,190
120924,70805,286,548
81743,22452,242,107
116112,24426,219,140
61469,56243,398,239
73553,77345,577,82
123656,54447,3178,121
204143,39736,124,128
129442,17626,423,220
128334,56432,699,314
86326,72260,1184,3639
113387,37885,931,180
126930,53303,1207,342
90227,53079,6141,305
81735,45858,11533,120
82884,29666,12638,142
127839,61965,422,92
124864,33616,195,218
108510,63207,198,3239
80054,40440,301,181
66327,32251,117,83
117607,42552,2112,101
187201,46943,37475,94
129500,40185,440,217
85917,29811,573,253
79698,20711,167,209
152086,21325,877,200
115657,48948,797,386
73121,52757,770,234
103715,55612,7696,60
66066,61601,1508,113
108180,27701,148,5191
97994,35113,8495,59
66253,49539,225,129
111591,31338,687,248
93753,27989,254,308
117604,71285,2547,128
124540,46894,241,71
118330,68787,100,252
64107,44629,462,392
74498,96676,968,348
97712,69881,93,144
92454,68632,627,181
55919,32242,134,338
113377,51444,35899,114
101772,40533,762,126
121150,21727,716,289
73876,33910,442,315
167451,34577,7015,348
72546,45459,118,146
93552,19405,889,147
95291,34270,348,120
124877,37904,255,183
86255,44507,1086,64
136887,37002,374,133
67598,35054,232,93
80735,26200,831,119
92670,45146,681,33
67696,20944,1007,151
104108,31758,125,190
75429,48570,30173,158
137396,17973,115,53
227802,51244,55700,218
156750,31082,15788,2795
107625,34916,31910,111
202106,44258,256,101
204896,33463,3367,90
73083,91514,299,164
91257,78091,1322,159
124979,101747,9295,1909
100084,87845,1098,218
96299,40933,355,59
66322,14979,16455,216
173709,68556,542,476
72389,71239,206,72
75935,32491,725,116
100766,86796,4855,143
166061,26344,269,78
88091,44383,59750,352
91752,26695,16639,136
92293,19126,1347,88
130043,21030,503,116
123981,105892,296,23
95514,35365,673,136
60601,40710,21162,611
169372,79378,1167,95
80955,33218,330,652
85169,37430,444,671
72849,36882,738,58
130646,56813,1857,82
84673,35053,355,200
87525,27242,514,88
55974,19550,367,759
88158,40506,697,131
97797,34088,168,351
102613,54335,796,70
63941,89237,13962,273
128383,21927,377,510
123314,44203,11756,89
94436,30138,1020,409
124447,23034,801,62
76129,36587,477,149
108469,25119,1621,188
112923,105251,513,544
101568,52652,1175,238
115471,36310,550,60
72814,45245,1324,259
82468,14498,545,185
102007,39087,1483,303
161557,48802,21780,93
124796,42443,569,230
103846,34265,354,150
109499,15861,486,294
89693,14647,6701,237
93004,44383,2535,3650
78731,31724,18652,105
111514,42550,190,280
215023,57570,422,439
212204,29142,1481,229
154585,69932,302,109
77799,34380,14223,106
97009,38390,213,58
119904,52446,473,117
120933,62828,191,117
93460,14699,402,189
103475,27360,460,252
133336,24612,207,101
143716,28263,1499,159
74478,46391,477,204
138670,48280,535,242
83210,32259,702,83
95986,56171,889,420
75579,27011,1218,279
136235,43000,414,97
110034,40719,12810,907
127094,41871,362,639
128174,28647,2424,125
144304,76988,14192,115
88376,35631,631,135
103019,95404,4420,215
137898,64416,356,172
103006,33750,594,186
186733,49224,209,422
119762,27017,1154,197
84967,36164,699,196
74610,32789,557,105
88377,40058,702,202
131618,57479,3842,124
86378,31700,534,111
60280,66355,2079,358
110615,42482,861,127
62235,35972,843,201
84595,42775,665,191
141146,36683,6532,259
135808,28382,235,5416
108653,39844,367,146
132543,44216,440,52
150129,61147,69006,2944
89458,47329,758,334
76021,33823,882,202
107461,57230,18971,506
118035,71961,1389,564
142394,25012,830,214
117254,36454,24473,218
138691,52228,425,74
139774,43613,37058,344
74663,32559,830,111
164843,18683,229,155
64452,26069,912,47
169619,235019,789,102
96540,31531,5947,50
96667,39749,323,92
79304,37655,184,3984
81685,36480,479,72
88594,54280,144,186
94727,25890,182,135
53862,13117,1844,185
85418,22905,1161,144
193681,21911,25160,543
71962,55153,312,334
111564,27592,326,214
184541,30364,18770,326
67224,38434,390,29
122962,30054,164,195
113085,46242,1321,97
189565,15596,615,45
114873,37179,9097,89
123079,30009,448,153
111545,45489,79,1257
69597,12684,538,256
90519,59674,1134,101
102506,51989,146,142
46658,24437,9741,215
97081,60721,674,265
108840,25678,777,243
79705,47433,931,147
124422,47905,24161,42
85234,39110,1175,153
137011,33936,13725,376
97249,29933,300,148
98459,68893,45457,232
92835,45635,25445,246
121832,46597,892,343
92334,37906,466,642
96982,22960,1347,121
112647,41031,430,267
99616,50454,16679,393
142476,30727,666,960
94504,38386,235,195
50705,61734,409,126
66379,31330,467,49
81789,24241,18802,109
119620,35542,939,153
151170,60434,6797,209
171003,54676,6924,180
110758,48884,952,182
92688,39064,685,76
83054,24448,3030,78
202873,35995,911,201
80953,38982,1604,118
123997,27847,14937,246
135191,41889,10138,735
86242,49783,244,112
103543,43234,405,2131
100123,41032,77917,53
112014,47477,9006,1997
136622,29676,706,190
154379,26838,1326,323
86604,37465,134,110
146400,44216,35804,139
78049,50727,21690,205
81192,48924,2038,469
53588,65369,4479,126
69806,62959,1084,269
95396,26860,243,210
142843,52171,326,176
104880,48167,925,102
100971,42033,717,281
83806,50851,24951,113
113436,68922,632,124
156878,50410,690,261
95951,80996,1368,333
55814,69846,571,164
114669,62147,30023,71
103786,47185,13278,514
142420,59801,1397,320
80423,63340,15882,139
115988,39135,617,150
112812,48233,278,381
164725,23345,610,193
67769,64779,101,168
78985,74621,31674,238
165612,38970,420,144
65151,30024,2576,47
83448,27888,397,145
68579,42469,7138,48
117984,90887,1338,161
96815,65658,10387,254
80996,69720,427,70
87086,27350,1079,187
98983,18971,491,96
84487,50358,7754,352
69428,32733,34327,51
87778,36973,303,45
82892,39889,593,191
156746,67804,2574,186
168129,29340,524,514
143965,22911,622,235
118713,69135,2156,205
151603,37322,1185,202
53422,41912,23624,72
81509,32363,13321,53
73681,69250,190,356
119615,17018,901,121
139220,24759,850,245
107595,25965,22489,320
108203,46662,2701,121
70671,27852,704,182
105617,35940,14006,84
60371,27777,6151,376
113235,83615,921,155
83706,45718,537,385
60444,54483,11611,84
175596,98116,2214,65
120085,45155,19780,36
147138,60551,149,362
133382,31804,10394,258
184350,31037,215,293
68875,32080,932,117
95076,53064,16006,259
100174,48731,595,404
104569,41449,803,298
177100,40418,1338,80
85402,20037,462,514
117541,95912,163,519
88333,49282,37147,35
107097,58413,324,76
83145,41888,619,290
98695,36812,85,66
78284,43502,384,92
133060,63474,561,173
61645,63570,6655,196
149758,67577,2437,118
122411,33251,45442,256
132159,33656,291,305
72397,33815,160,111
129320,83152,12704,132
124026,38950,9062,61
89258,30581,227,79
105631,32242,1316,45
102807,44259,3767,151
102500,51850,1032,75
112404,25205,1000,63
85987,25634,473,61
108500,27944,510,100
108649,34641,887,148
170564,40556,850,85
161417,37809,7492,87
87224,47787,348,302
97954,61675,1358,60
145794,35071,721,67
74386,29828,1318,100
73722,50749,511,142
61519,32056,100090,51
133304,23809,1172,68
95865,41109,429,162
64353,50134,155,2419
74447,54885,354,181
117723,50904,176,63
93294,39934,875,599
193311,46410,805,86
99698,68615,310,104
112466,22607,428,107
65002,75819,11378,438
89289,34741,2891,35
139510,38763,1102,524
115288,48418,641,150
55752,23232,2281,107
84158,66166,1352,206
148084,24530,283,179
69166,15066,318,507
114422,34245,1460,155
75789,24142,522,53
143578,72555,462,124
92329,70533,403,220
81050,29836,371,226
102475,22742,4229,159
78743,35329,348,191
104227,71533,899,244
129125,44494,471,174
78579,21772,959,103
138546,30431,1085,83
116291,40524,832,137
80854,82853,15199,136
90911,49810,220,222
118746,18783,1892,357
105315,19386,614,103
47192,30268,323,89
102441,56323,670,3781
156867,23002,458,2329
198371,70803,1048,337
69231,24219,20697,132
112401,31460,581,90
58459,34033,230,407
102614,35350,1110,135
149311,26640,792,564
126937,71689,697,82
136748,35084,975,66
86395,20507,424,181
111532,28939,2817,128
108056,24206,1108,583
103038,53401,6950,73
94798,45944,2001,93
121267,22818,399,122
87495,34222,907,198
95049,41198,20903,213
55095,41642,618,56
65651,73281,1057,98
109382,28572,663,238
66576,80423,759,280
179237,20557,168,177
68814,37475,461,182
80090,38204,603,343
62997,46157,389,163
65671,21435,613,153
82367,23176,363,94
186220,27723,265,537
79609,41560,612,532
89192,23835,1735,170
103271,56416,723,96
73679,20031,142,221
80710,40440,145,79
79283,106132,6763,263
68142,24913,281,137
155412,45070,447,361
101287,91907,2733,143
104108,70871,364,93
96603,25349,954,198
76064,26866,13263,145
120099,36095,1346,379
114237,45819,264,225
118774,49092,3172,85
84199,30590,444,50
110844,31852,435,131
92711,36939,26191,180
100170,22279,10751,1855
60108,38797,5492,192
91945,33238,680,57
170563,35428,803,107
122885,62178,20639,251
70286,37453,1250,197
87674,39515,594,593
143740,55500,1002,165
80722,37831,472,194
101018,76703,293,161
101016,23828,13784,74
127491,37573,635,58
139768,93835,177,134
108929,26643,1159,198
145957,34549,5497,320
153190,76044,1170,273
170738,23335,208,115
93870,40551,190,227
96337,66198,16848,342
144378,31143,430,150
90731,65694,28451,120
80694,40846,184,197
108736,28625,1222,195
107726,52638,2088,146
63212,25830,1566,2277
102058,60239,2331,132
126175,106060,415,228
52613,28027,480,140
142701,27680,619,200
112994,27441,240,329
95825,53928,525,93
126266,54958,907,68
61421,27077,312,149
114113,64985,1060,149
106342,29781,329,320
126961,42013,33075,250
104338,35408,830,51
154969,16244,600,44
154475,64990,7318,142
108081,74973,440,318
61348,65053,837,257
168319,44357,417,236
145615,32502,158,360
111132,28837,123,253
65190,59345,31024,231
92015,33442,309,228
124973,43028,3619,139
98992,20530,290,74
93229,84624,2596,117
56298,25020,21010,443
83840,28753,735,223
156054,52128,776,353
121103,30548,142,104
99788,23594,355,211
105097,23767,25847,133
103937,45605,218,249
138214,63464,331,98
125673,62291,158,66
97685,35489,2145,271
91740,74055,1936,168
80780,52570,211,55
96058,72195,13673,643
122923,33945,148,147
79838,59812,2408,202
92369,30613,567,85
138092,53460,453,115
56166,30767,30458,227
76859,28877,242,95
107734,52963,436,456
85035,30321,1193,126
124700,40240,2776,98
102496,33182,712,127
60022,58172,556,159
110576,41647,447,196
74177,66278,8608,207
96470,51150,9372,172
87506,28734,123,281
142255,20145,4019,89
74489,39867,763,154
71825,33835,268,166
109021,44494,1183,56
122258,97379,417,409
79482,32954,8510,301
142489,53161,1799,265
92969,24058,606,183
125571,41991,10970,170
107903,25114,7703,72
111693,15087,1112,211
93397,90882,656,291
142277,33597,4452,153
100700,50969,1922,681
134451,58117,538,215
172620,65749,14633,233
152257,46346,802,157
79504,19515,1496,219
85202,52874,462,57
220269,35550,14301,266
101582,46767,3104,161
75894,41407,199,90
90261,49485,1144,91
136409,68533,249,220
98176,60003,291,660
93017,51677,510,1092
75114,19031,323,203
66637,18454,1420,324
91395,69044,7971,382
145351,67684,14056,157
79510,67384,568,305
117141,83433,206,572
109640,41905,19597,377
91698,50122,358,142
94219,53073,1289,269
132753,56043,494,42
76043,117989,687,435
131389,35830,571,103
80194,49837,1185,238
129128,65325,938,72
88787,14784,1624,636
92761,33469,15572,170
175472,65273,814,318
161523,34829,720,45
113316,32673,497,127
105331,23400,1033,234
158770,26262,368,204
93991,61607,16567,364
79409,39774,261,196
115595,24293,352,75
99073,32847,906,102
104190,70193,596,162
95686,48391,2578,149
119705,48468,574,108
112668,32557,753,341
117195,80476,22912,290
87394,47273,371,109
96465,27105,354,211
76214,45400,1152,201
121749,51820,879,174
84368,44471,12388,114
80703,56740,415,133
83188,31455,25894,155
95650,38615,28960,145
63934,14612,424,147
115278,46126,262,211
77935,73318,1339,563
119078,35568,1580,746
88832,29354,1335,440
145246,18333,336,326
90098,66708,430,118
96729,19021,268,62
91118,10061,10946,150
131175,86839,34439,240
82556,39121,2960,311
70827,54299,194,51
122907,40472,629,478
161801,36154,391,53
75564,33130,860,94
132922,34562,263,58
89499,31168,124,121
90634,14698,993,126
99811,28406,465,240
88752,44574,136,958
91538,82912,1938,66
131839,31130,310,617
91618,43430,1034,103
112476,95665,707,241
85297,31012,421,235
163076,34223,2613,79
127789,39698,806,80
150348,44007,506,88
99467,28597,2768,228
86815,14864,585,48
95847,35622,767,127
70011,50628,1426,2843
103312,31527,6398,337
78858,30469,11852,333
103572,67882,24927,128
128724,52539,598,147
116414,41367,3641,81
113561,29643,6235,191
85512,54392,570,125
119231,30305,527,347
59273,56733,468,227
80833,29481,454,202
96096,28597,195,214
85622,42260,4779,115
73521,36544,1612,123
73244,19712,133,240
81816,33947,1031,109
99492,61921,1142,251
119316,41440,378,73
87569,52729,21144,309
94239,19197,2016,505
101736,48254,460,74
70917,42402,377,61
140905,46188,22859,156
128066,33542,570,84
105304,46182,1465,354
71600,45012,7522,146
86271,44506,1405,109
96606,18105,43165,122
149134,44315,359,130
144580,51454,227,176
90864,74464,538,165
86381,37511,863,154
134281,67871,368,58
101488,39757,644,37
180781,36381,1052,124
137447,33523,302,175
116193,45203,2060,174
73326,128643,36508,105
88893,51209,1372,134
132798,32532,17024,167
129279,50887,301,297
121415,48503,1495,53
104405,27053,331,542
82471,52760,316,278
115477,41049,35771,294
73113,27603,508,50
94542,20856,220,237
94414,52838,730,99
153729,33506,754,330
102330,38411,1438,192
100556,51805,1028,74
69446,19385,1306,195
123072,41045,1060,103
153814,42555,289,190
87047,66321,886,428
93166,30703,1302,210
123569,52372,420,179
107368,28827,541,401
161568,37123,401,115
128657,51950,1559,77
122658,28730,1597,79
55081,28209,375,44
106449,37475,698,66
91654,27640,743,3024
86225,27981,509,1048
79698,37480,286,76
73466,48105,716,395
86181,106956,250,141
128260,35919,823,66
101426,32414,1496,98
94985,41243,774,211
94761,99996,575,880
161584,19618,1135,112
96278,63638,1005,128
106200,33618,7134,165
68329,39250,1384,417
91153,39146,1259,165
98399,33318,1175,112
135661,75599,1548,469
91770,38230,778,138
143490,51234,8597,77
166361,50890,520,90
84234,51291,589,121
88184,66034,335,238
104378,20886,591,238
98736,57572,736,448
67793,98350,1613,474
74892,57878,929,197
147710,48583,400,199
86122,48773,316,2009
112160,53321,199,100
112274,36260,899,297
91693,35130,648,239
152327,49781,366,55
89073,46347,432,230
106122,37385,397,3499
79379,25845,784,280
103514,36369,437,162
95162,69168,781,125
66139,48043,41266,2537
91885,28901,238,56
51723,42355,595,212
138362,49443,75,377
153403,63917,401,97
120917,22994,20183,134
82898,29120,1436,2458
78311,46328,1885,37
122059,82845,367,79
170242,53017,213,479
109378,42887,13867,111
112040,22564,112,326
111042,35898,287,92
46249,22922,971,152
158429,26640,25749,55
161474,36871,29598,291
94602,39925,487,42
109878,59158,157,323
54177,51115,16212,75
88376,84445,12237,105
82120,29426,16833,119
125279,45260,1223,85
71243,33187,545,84
107575,79007,672,250
94999,25828,449,108
76131,39120,1656,47
142540,29795,1424,375
64433,37012,294,407
91716,25538,349,56
79593,33478,749,150
73909,26645,567,382
108550,36912,9267,2935
86011,25851,2018,174
99986,54061,25793,581
108866,60664,1123,57
91969,52241,686,383
92803,66916,343,326
128050,46454,666,79
102501,32998,900,195
108863,75733,292,40
96508,41222,18714,302
57439,20165,1469,253
93669,25648,183,213
160600,40509,17338,191
81377,29296,2240,1584
115375,93329,501,183
124889,51364,15207,103
76034,28775,1197,135
129593,24287,857,74
167761,33610,1199,183
77403,39337,1221,769
123388,31509,4530,52
131188,57070,3202,1662
98707,50887,27714,168
98012,111585,761,196
83985,74793,456,46
144043,85248,2388,59
81418,30122,210,248
126359,33007,66,500
85109,78144,20135,88
73192,25731,1305,80
82362,42840,113,150
89400,68630,312,34
88439,32990,117748,181
116565,21405,176,4901
136171,29883,1056,664
83741,27199,724,136
95145,64580,483,233
56011,17517,13760,126
102187,70195,22046,143
161598,60294,381,2000
93671,27756,443,176
87772,39582,542,189
65586,90475,26275,248
84083,20949,20656,773
79705,54801,31428,156
98441,61165,862,83
93029,20116,10145,247
117118,20171,628,556
81376,34794,604,114
129850,44582,21690,345
68262,22498,715,171
139676,75187,1418,118
112559,22520,946,76
96919,40797,434,136
135028,57523,613,163
81736,43302,1893,140
108334,50211,6768,91
131362,55974,158,168
138434,39074,490,190
111000,17377,1761,67
103686,51456,1131,535
113531,32566,779,78
127614,25299,190,402
112221,24284,975,137
70834,35807,207,297
122954,30663,2439,27
112085,31295,448,138
43997,54727,1089,263
104586,33491,614,122
109595,47948,2594,233
100637,55362,16302,132
72906,82242,12068,364
249125,26286,561,178
54995,79091,943,1998
91627,33113,742,130
123016,51851,561,89
99116,65715,984,126
102452,61427,897,174
134056,50573,300,3691
78691,17326,837,1711
82978,52709,752,86
77099,33590,806,129
75919,51372,597,186
126736,28412,1837,106
99326,63207,1163,205
96137,52420,341,190
129650,45479,321,251
71806,49897,17714,32
108478,45128,1495,4291
68598,66445,173,67
66091,48578,996,148
85679,44136,22254,683
105552,54789,230,33
96886,49500,825,2078
79879,16412,356,166
99566,30374,1168,141
97369,56846,218,264
82873,30023,328,360
106661,27742,395,259
133199,29473,969,228
120761,49646,1428,131
93718,42761,421,127
74238,49662,24165,420
140677,55209,947,125
123233,33376,126,204
269166,41195,1053,150
117785,23241,625,257
60510,60736,29150,227
101150,54031,802,152
114108,55771,1619,1502
147686,27150,5360,304
103013,68318,295,250
154775,20046,14256,107
74702,25534,579,356
105279,72276,160,446
141627,31660,24774,135
134637,89594,812,248
116324,35896,4010,556
111227,41533,612,176
83971,41226,1053,242
63294,41370,266,62
104331,28545,2106,94
192890,28392,1222,300
79342,38088,442,76
59484,44451,246,264
77137,56260,119,824
56372,95520,859,64
89546,61397,1127,97
138746,34854,211,51
97363,42617,187,84
141917,32488,128,347
127301,35177,852,34
151321,34140,39791,418
108646,107805,2696,49
115857,49220,323,41
167926,21812,142,69
160115,29637,255,294
92551,21240,3097,346
104172,25529,558,2364
83579,42568,4171,195
103718,28898,779,57
87926,98495,319,196
112187,42461,275,277
91085,22522,411,141
112700,41843,308,460
82365,38353,390,2157
90362,27865,501,126
90179,38809,738,93
111769,32117,1097,425
80609,40991,458,436
152831,47260,45152,140
182544,31518,173,339
121677,21215,13481,90
107886,79906,261,237
107432,90987,436,335
95017,38762,23148,175
54533,32578,2821,95
128586,34813,1267,150
91036,17843,692,70
87392,28141,435,196
113908,31695,17394,98
76615,19714,322,323
120049,101008,1009,193
71115,58719,180,74
79282,46706,830,313
100661,22510,53334,135
127550,50908,23407,104
115086,26364,539,212
115325,34693,1246,335
158545,53796,662,212
81818,39041,1480,68
110305,41382,21016,155
70911,34814,337,105
66536,24088,16431,108
83155,48807,1744,168
148613,41012,1928,102
76229,42376,21180,533
100751,33187,762,64
109838,24548,1053,90
104421,24159,12938,69
83190,63969,435,295
111770,115869,1909,601
120881,22955,592,42
94777,28948,322,86
68753,34341,452,143
93328,32035,1435,703
85078,35413,370,74
140288,32188,239,136
86426,26971,1116,121
60910,26173,31870,142
92723,66641,145,214
87049,56803,1275,87
122739,24105,52,86
77635,33058,16739,63
101281,42509,18012,74
98611,61661,2815,140
74802,43532,25865,115
144548,40710,476,105
145511,49712,1447,213
83697,55698,145,155
121759,46974,586,192
104104,21943,386,87
126825,68516,285,423
77330,25537,263,90
87522,31678,542,224
122343,30693,632,96
71991,23671,369,692
98135,29090,9932,171
105215,29595,15455,86
96417,25189,249,431
159311,68046,531,682
112050,51823,21684,56
117807,52263,279,12021
71931,14866,1266,242
126001,30817,518,469
78084,33181,2663,73
143909,35688,9805,300
124727,30616,282,220
122692,28997,817,62
55651,47231,491,63
99525,27732,566,21
127846,42904,245,161
109951,48420,2402,66
73759,110432,544,168
114326,65951,916,309
85466,77365,6724,118
102829,57783,14908,356
129890,49772,306,304
103408,48854,311,322
65539,24194,1034,440
89805,55697,719,81
87067,26479,495,177
94127,17709,28816,430
132046,73570,2106,43
157971,23416,591,407
117589,38830,479,75
100449,33486,121,115
114830,63399,9229,226
83002,40776,567,335
83520,49685,2595,214
94202,40425,186,140
138495,32677,270,57
74551,28285,16592,188
81392,46472,182,156
114295,27777,1362,165
99143,73247,1097,206
113366,31901,761,157
107632,32821,13706,114
203656,31191,484,192
81468,37821,906,84
63667,38602,17711,81
78469,35569,451,113
157244,35859,665,269
162048,20918,318,122
86815,65437,295,85
121119,56252,787,478
94192,93812,590,179
116625,23762,354,66
67943,47209,2306,131
119527,69822,1039,290
88208,46077,831,2782
84064,57014,24001,123
88733,26073,1593,380
114114,42273,858,74
83025,40695,679,359
72540,51364,15294,41
105464,50217,1273,146
103879,28709,745,51
129037,28830,50817,275
114401,45214,257,48
60126,52167,667,1858
134777,31115,966,165
117070,22224,1544,215
118889,37893,267,598
70093,69364,13245,320
123626,51260,16073,3400
74741,36216,294,163
69175,44215,237,245
77555,73523,160,784
68273,17280,13681,223
136725,40346,723,104
103682,21796,533,258
87366,48248,452,2772
75580,43591,322,142
84486,38806,1026,407
129070,68197,928,3258
114806,42156,508,429
101919,12185,427,90
69816,61805,5437,105
73484,105974,856,3840
79152,45572,1075,152
123389,26164,37173,116
154380,42638,722,245
157698,43174,259,168
75486,86329,608,193
111404,48917,203,113
109359,31564,1412,228
145859,47348,153,112
161320,55843,237,440
68234,29517,326,96
106303,41630,1593,179
98510,36125,4386,138
67257,33407,843,106
91707,66384,173,149
115716,32740,1785,62
52045,30363,1616,187
99271,41796,25761,227
86993,64282,187,350
127917,54350,1352,66
65943,50696,1107,76
88871,67765,16580,188
112461,24333,19486,61
107830,23110,3269,71
112738,19194,2511,144
88866,47014,3955,56
77292,30195,3387,88
135392,23868,1103,60
129651,43875,881,170
97690,51077,492,39
77458,54679,2552,665
92514,20228,1161,124
206505,38220,386,501
115465,81415,158,214
70557,44341,45619,104
88395,26229,768,215
95532,30269,100942,220
86839,45479,533,476
86810,36242,744,402
72259,48463,23671,50
61243,22764,5628,90
88961,29024,661,51
131114,37913,324,201
79175,51044,2767,102
141292,34415,1196,265
86259,45137,513,3625
82955,39011,10563,247
89090,32583,523,295
128641,25362,190,154
117588,26077,2174,364
76762,64277,1278,201
133837,56072,739,414
123582,34919,17544,61
69197,37501,291,70
93879,37749,1225,282
111831,65190,9220,479
88130,28819,277,267
103454,24506,1210,158
129441,50247,533,41
118904,48108,489,283
109176,35102,2222,428
70506,92154,500,146
105116,32071,199,258
95346,39384,609,256
66701,59705,7394,201
137031,49998,1153,97
158272,57716,341,331
113078,67093,1367,120
96993,30947,18064,342
82611,61715,141,163
91944,25237,1332,112
123789,38036,939,2786
95231,101051,1837,209
130546,46777,351,2549
111370,44430,572,98
136457,33037,157,53
109307,25929,2938,56
76933,43841,439,224
110911,19469,531,253
139656,42747,550,277
60403,25953,650,328
75493,39235,27303,87
116684,65270,59136,129
122472,34407,408,228
78194,62691,1538,106
80019,29386,756,88
67341,59200,603,418
144587,89168,179,208
102554,26699,289,394
112826,52566,631,192
61518,38901,108,695
107458,30201,517,405
156090,42579,381,393
162818,23559,4079,112
126958,28541,639,243
49967,35047,615,163
82239,47646,373,58
72530,30475,218,121
99294,38448,4483,125
46928,24849,14335,198
101529,47948,2221,48
126412,20695,419,123
111896,35277,867,146
90889,29945,361,191
72962,47804,439,140
102322,27987,356,128
80192,23003,209,79
133767,67515,195,195
90725,53778,19839,54
106430,34659,1177,1767
117588,46302,173,221
90109,44951,173,42
109188,34030,30556,241
161870,17145,806,105
64033,54285,158,127
71200,44945,1609,189
83265,62148,1625,1917
137458,41853,5595,635
84822,59238,353,487
89834,16445,562,757
76697,61346,26422,593
107219,42804,730,166
70524,22935,421,31
241394,19477,21728,392
159011,53105,6614,418
118551,25167,265,113
103439,47056,1360,581
136029,41723,1413,80
92163,40401,1095,190
191720,95032,684,81
58636,32672,9818,47
82320,41458,338,931
74071,37913,281,809
136165,73278,35476,130
146617,47851,1200,164
82246,66208,17557,501
88146,38272,305,117
83252,38362,15944,143
136015,39716,12703,140
114266,45133,284,287
85113,40876,343,128
89387,42393,1102,84
114210,29803,35859,48
79199,36573,21773,163
123097,65642,1736,122
111214,35820,3819,266
99197,42759,661,608
60834,22236,139,59
77610,44479,314,189
80610,73511,310,100
102370,39970,13737,64
118237,34866,312,138
97196,23632,11015,74
87538,41980,605,801
145801,66780,74804,253
98886,15229,13482,136
129268,23330,280,196
69185,43948,636,29
121909,58556,352,154
84204,60052,779,223
52120,32505,436,176
121561,51450,861,123
86263,57106,296,34
111219,32794,97,30
57980,38854,2847,190
107414,47158,458,109
155052,32782,1469,177
90498,26477,5085,4459
84237,32714,5993,94
162001,51346,5003,405
93033,36326,256,124
110463,38653,191,149
73014,29193,1738,251
104857,51590,1295,339
112865,58200,2076,30
105662,26672,482,85
92458,56478,721,71
91368,67742,1146,90
125837,35621,175,205
123531,66401,136,3391
152190,23222,425,112
95816,30087,682,281
88975,82902,5203,83
76756,44802,60,180
83004,68615,1109,165
56918,55922,32006,172
78119,55398,14147,92
107245,78792,2106,476
99930,29075,1009,132
109601,41729,1580,680
126147,15234,481,353
65407,44472,2572,120
142521,26777,1029,226
98370,28581,15764,83
101143,63514,832,135
110090,40247,231,115
63056,33921,407,160
82911,80503,119,4448
121225,38368,1226,108
101067,29316,1291,371
89448,115035,25894,177
110442,48606,1183,134
107923,20421,1528,179
108185,48486,110,138
62687,28281,434,90
96673,64890,584,159
87240,26998,1357,189
83513,21351,9814,4897
191921,48108,2058,211
117676,62097,4310,121
82152,39091,382,290
80305,73654,681,425
93327,53747,20597,73
110517,34095,687,137
71932,32511,446,249
126274,37803,365,185
65310,45841,494,113
142035,38895,1111,45
93651,61554,673,78
96761,31769,37805,3056
77751,39240,910,107
134785,40465,31176,158
72796,29035,400,144
98643,65566,608,137
112976,27275,906,266
140654,32288,1047,77
95036,26517,2040,25
81951,45793,869,63
111333,27614,2133,992
136734,33840,16205,273
77748,25333,202,86
69950,31835,779,101
146144,48892,641,149
77272,73176,23085,99
126449,27358,815,203
79330,40496,1611,585
155530,46385,7244,141
140293,30836,641,99
76239,33279,859,198
133359,67320,331,24
77374,53937,3092,311
76525,47987,1210,247
102092,58372,1352,70
102648,30914,18115,320
96042,69729,545,76
110920,48995,366,212
83122,43155,338,216
113497,32453,21714,154
96912,42110,901,121
65093,28704,589,99
131336,65018,283,395
94437,35293,668,199
110468,69150,433,206
121557,54523,642,146
78601,25558,61185,63
89129,12454,403,167
121212,52856,112,235
171955,52999,454,103
102445,41567,20420,149
68767,54076,3807,329
99166,22530,365,106
117882,55526,638,69
79804,70690,882,131
96300,34463,640,318
60440,37215,1484,269
120808,40400,970,223
99854,33209,907,154
84744,60867,562,70
115560,17260,29803,134
105202,123885,368,153
81460,18719,6773,87
59199,33806,11740,173
124810,62605,14425,230
76149,35517,1997,182
119486,66347,1275,167
168560,48011,6166,213
51446,69508,305,1590
74348,50071,21715,82
75441,86625,1811,143
132926,23932,461,189
92524,33449,1545,237
145063,19972,519,223
124635,27587,62610,362
111598,40569,400,340
89580,33595,2036,82
67993,36275,199,249
83957,28563,1360,218
106537,43784,1081,174
116257,24050,160,238
122853,40310,1076,396
74374,36184,785,235
116089,36859,1438,518
85346,40933,910,404
148759,35066,882,333
56005,103206,1127,210
141639,46957,196,312
96760,25896,2224,344
159746,36728,1344,154
87899,49282,1735,218
68257,30012,751,65
138989,26715,947,357
163362,52111,571,452
169203,51001,713,153
137605,50544,1194,99
103439,17744,36208,88
117265,45307,549,177
59837,68385,6402,627
81484,70622,777,365
134309,60502,335,403
85526,49969,1116,85
80350,46571,2892,46
99004,50903,242,234
51301,63389,17904,114
119749,40130,26420,140
129756,27560,8856,159
74157,36259,627,5751
105787,58242,1089,95
115623,24208,32218,63
87154,29032,631,398
105277,45623,316,142
70089,34138,24585,173
91225,35391,223,112
197912,39571,1258,399
144197,57851,707,38
111901,28477,189,72
90728,43195,192,78
89973,32084,416,207
195164,30008,278,87
112788,30735,2495,134
203534,48923,38356,87
54877,25955,9518,546
97225,35897,1026,200
130988,47742,809,267
118244,41025,1369,713
139282,36124,342,196
58143,59386,8686,4823
129411,36727,569,1771
56088,25239,2948,105
91718,53217,119,111
90265,45740,1069,256
184679,48779,323,222
139305,36176,821,170
73117,30984,790,2572
93513,40984,578,50
121175,24452,3235,686
103840,55385,625,226
53546,34479,28229,300
81229,55683,530,173
76594,20742,466,139
144770,23151,463,184
103083,27476,301,345
84469,54821,848,346
57667,24362,998,383
132673,89624,508,117
153620,26555,542,120
96360,38299,413,121
123438,33828,365,541
126610,26752,710,153
85068,40983,1536,102
88515,34861,8111,112
94509,59571,20544,189
125176,15309,839,246
105063,19267,595,74
81575,77000,1189,76
124473,64675,1522,88
102144,21577,470,126
120039,22467,920,2585
87085,37294,863,145
75223,32821,384,215
87273,56670,121,329
72347,102722,10916,128
107551,30838,224,98
78208,13786,290,238
98187,62626,855,110
167490,35154,6563,67
98722,36307,249,167
88094,72148,761,233
108226,64988,336,271
104926,24795,1313,3682
109223,51180,231,159
92438,38355,22244,3189
122279,34304,402,393
85390,37033,38951,62
100005,28976,818,464
146593,28789,581,126
124996,40007,7775,152
109628,42284,8838,220
111681,66734,1057,65
100043,35630,381,370
84593,63392,237,71
76821,24580,887,31
82503,54032,21871,123
89987,43643,1562,69
69651,31913,9670,431
106520,28672,614,411
125428,49750,274,98
96926,24456,462,62
151426,23818,494,130
79898,32814,2642,421
119166,15723,133,191
117512,64335,515,58
70715,30776,189,101
108757,72982,684,163
65716,19898,210,538
166904,40098,498,230
73441,47966,356,45
89209,36256,429,48
82866,78832,1280,100
85317,57703,1246,283
160969,51372,694,64
118390,61333,1241,414
129271,64132,566,69
141769,32165,695,107
70989,36193,1007,122
81986,36363,10071,130
84483,81547,450,81
95224,53316,8932,422
137091,26870,5747,2064
117290,40436,269,52
81221,35531,537,93
141040,19658,1324,69
75642,48753,19357,259
50012,52858,263,201
99574,90821,501,63
112405,46878,765,123
104474,28445,2194,168
165651,36362,51276,171
74136,34377,12554,438
102323,33013,1677,91
120432,39430,290,512
124554,24549,973,53
110883,34760,238,143
107796,43939,447,148
77255,62520,708,203
101248,22862,820,56
118595,54626,697,64
94821,26697,1757,1431
82050,46732,13144,170
81862,22591,12770,67
114499,85109,2329,283
88412,66397,1594,50
113140,39406,13796,163
107573,27769,218,812
61820,24857,927,73
93167,32019,592,3047
77421,37811,755,639
110517,20254,382,414
94644,44843,1216,75
101356,71514,969,82
168314,22948,11918,135
81115,40485,592,200
130131,36542,559,225
131422,25183,684,102
101742,32439,8062,109
86805,33496,252,140
105741,11779,1564,60
104831,70321,31444,152
132161,25467,447,117
84002,45793,1176,2095
94168,47487,607,333
54653,19672,32622,143
87574,38620,623,157
63340,40523,13749,4212
85319,44005,485,146
106651,63912,1295,473
89362,32202,1003,67
116576,20901,429,144
129263,42038,260,662
99355,60804,2158,81
97393,50688,713,125
130750,25332,2590,466
73203,79193,915,65
72811,24465,1159,163
93207,48426,2207,370
130878,25449,137,105
142275,23208,1204,365
59017,42633,567,165
90458,34225,546,91
92264,14623,1027,252
129049,42174,673,77
116135,49781,1858,316
101049,39662,339,811
92462,70013,919,88
100090,21345,934,86
111163,46652,2019,1408
78316,25704,652,263
81957,22532,223,271
106899,22196,1269,83
83446,29310,10033,359
80960,70097,1897,98
91680,25932,10830,173
88599,42011,3268,130
101552,25237,22365,36
116921,23433,32071,359
61605,58307,1097,455
112112,36127,801,359
102877,72146,1970,190
85717,23278,147,113
116134,26747,2837,1521
147041,29479,502,308
54782,27304,112,119
122460,30544,565,2835
106891,18783,1552,53
117235,62976,1534,557
101513,39450,1090,73
164125,41546,17248,92
130429,49344,793,248
70927,32506,4919,102
119384,63048,2064,66
108739,20982,273,67
231305,22734,929,199
73736,24112,1860,345
99028,47891,1293,334
107612,46174,1655,131
114740,81546,742,446
99363,46462,152,252
83002,43904,253,427
183991,46554,14370,122
108888,63752,182,312
120501,49173,1695,102
117160,37250,744,259
132419,44243,1437,103
78176,17592,10428,93
125276,61710,353,255
136114,46689,16602,101
81189,17041,189,161
125780,42044,1821,117
76626,36860,1071,298
94967,25462,717,171
83891,28312,369,371
133536,50436,3268,241
